canonical_key,brand,model,size,n_listings,marketplaces,min_price,max_price,mean_price,median_price,p10,p90,media_correta,evidence_files
,,,,183,"amazon,magalu,magazineluiza,mercadolivre,nan,pneustore",281.9,74466.0,22955.612500000003,6382.5,1900.45,61146.5,18149.5,"ETL/data/processed/pricing.db,user/Desktop/Precificação_AI/.venv/Lib/site-packages/matplotlib/backends/web_backend/package.json,user/Desktop/Precificação_AI/.venv/Lib/site-packages/matplotlib/mpl-data/sample_data/data_x_x2_x3.csv,user/Desktop/Precificação_AI/.venv/Lib/site-packages/matplotlib/mpl-data/sample_data/msft.csv,user/Desktop/Precificação_AI/.venv/Lib/site-packages/numpy/core/tests/data/umath-validation-set-arccos.csv,user/Desktop/Precificação_AI/.venv/Lib/site-packages/numpy/core/tests/data/umath-validation-set-arccosh.csv,user/Desktop/Precificação_AI/.venv/Lib/site-packages/numpy/core/tests/data/umath-validation-set-arcsin.csv,user/Desktop/Precificação_AI/.venv/Lib/site-packages/numpy/core/tests/data/umath-validation-set-arcsinh.csv,user/Desktop/Precificação_AI/.venv/Lib/site-packages/numpy/core/tests/data/umath-validation-set-arctan.csv,user/Desktop/Precificação_AI/.venv/Lib/site-packages/numpy/core/tests/data/umath-validation-set-arctanh.csv,user/Desktop/Precificação_AI/.venv/Lib/site-packages/numpy/core/tests/data/umath-validation-set-cbrt.csv,user/Desktop/Precificação_AI/.venv/Lib/site-packages/numpy/core/tests/data/umath-validation-set-cos.csv,user/Desktop/Precificação_AI/.venv/Lib/site-packages/numpy/core/tests/data/umath-validation-set-cosh.csv,user/Desktop/Precificação_AI/.venv/Lib/site-packages/numpy/core/tests/data/umath-validation-set-exp.csv,user/Desktop/Precificação_AI/.venv/Lib/site-packages/numpy/core/tests/data/umath-validation-set-exp2.csv,user/Desktop/Precificação_AI/.venv/Lib/site-packages/numpy/core/tests/data/umath-validation-set-expm1.csv,user/Desktop/Precificação_AI/.venv/Lib/site-packages/numpy/core/tests/data/umath-validation-set-log.csv,user/Desktop/Precificação_AI/.venv/Lib/site-packages/numpy/core/tests/data/umath-validation-set-log10.csv,user/Desktop/Precificação_AI/.venv/Lib/site-packages/numpy/core/tests/data/umath-validation-set-log1p.csv,user/Desktop/Precificação_AI/.venv/Lib/site-packages/numpy/core/tests/data/umath-validation-set-log2.csv,user/Desktop/Precificação_AI/.venv/Lib/site-packages/numpy/core/tests/data/umath-validation-set-sin.csv,user/Desktop/Precificação_AI/.venv/Lib/site-packages/numpy/core/tests/data/umath-validation-set-sinh.csv,user/Desktop/Precificação_AI/.venv/Lib/site-packages/numpy/core/tests/data/umath-validation-set-tan.csv,user/Desktop/Precificação_AI/.venv/Lib/site-packages/numpy/core/tests/data/umath-validation-set-tanh.csv,user/Desktop/Precificação_AI/.venv/Lib/site-packages/numpy/random/tests/data/mt19937-testset-1.csv,user/Desktop/Precificação_AI/.venv/Lib/site-packages/numpy/random/tests/data/mt19937-testset-2.csv,user/Desktop/Precificação_AI/.venv/Lib/site-packages/numpy/random/tests/data/pcg64-testset-1.csv,user/Desktop/Precificação_AI/.venv/Lib/site-packages/numpy/random/tests/data/pcg64-testset-2.csv,user/Desktop/Precificação_AI/.venv/Lib/site-packages/numpy/random/tests/data/pcg64dxsm-testset-1.csv,user/Desktop/Precificação_AI/.venv/Lib/site-packages/numpy/random/tests/data/pcg64dxsm-testset-2.csv,user/Desktop/Precificação_AI/.venv/Lib/site-packages/numpy/random/tests/data/philox-testset-1.csv,user/Desktop/Precificação_AI/.venv/Lib/site-packages/numpy/random/tests/data/philox-testset-2.csv,user/Desktop/Precificação_AI/.venv/Lib/site-packages/numpy/random/tests/data/sfc64-testset-1.csv,user/Desktop/Precificação_AI/.venv/Lib/site-packages/numpy/random/tests/data/sfc64-testset-2.csv,user/Desktop/Precificação_AI/.venv/Lib/site-packages/playwright/driver/package/api.json,user/Desktop/Precificação_AI/.venv/Lib/site-packages/playwright/driver/package/browsers.json,user/Desktop/Precificação_AI/.venv/Lib/site-packages/playwright/driver/package/lib/server/deviceDescriptorsSource.json,user/Desktop/Precificação_AI/.venv/Lib/site-packages/playwright/driver/package/package.json,user/Desktop/Precificação_AI/.venv/Lib/site-packages/scipy/stats/tests/data/studentized_range_mpmath_ref.json,user/Desktop/Precificação_AI/.venv/Lib/site-packages/selenium/webdriver/firefox/webdriver_prefs.json,user/Desktop/Precificação_AI/.venv/Lib/site-packages/sklearn/datasets/data/boston_house_prices.csv,user/Desktop/Precificação_AI/.venv/Lib/site-packages/sklearn/datasets/data/iris.csv,user/Desktop/Precificação_AI/.venv/Lib/site-packages/sklearn/datasets/data/linnerud_exercise.csv,user/Desktop/Precificação_AI/.venv/Lib/site-packages/sklearn/datasets/data/linnerud_physiological.csv,user/Desktop/Precificação_AI/ETL/.venv/Lib/site-packages/matplotlib/backends/web_backend/package.json,user/Desktop/Precificação_AI/ETL/.venv/Lib/site-packages/matplotlib/mpl-data/sample_data/data_x_x2_x3.csv,user/Desktop/Precificação_AI/ETL/.venv/Lib/site-packages/matplotlib/mpl-data/sample_data/msft.csv,user/Desktop/Precificação_AI/ETL/.venv/Lib/site-packages/numpy/core/tests/data/umath-validation-set-arccos.csv,user/Desktop/Precificação_AI/ETL/.venv/Lib/site-packages/numpy/core/tests/data/umath-validation-set-arccosh.csv,user/Desktop/Precificação_AI/ETL/.venv/Lib/site-packages/numpy/core/tests/data/umath-validation-set-arcsin.csv,user/Desktop/Precificação_AI/ETL/.venv/Lib/site-packages/numpy/core/tests/data/umath-validation-set-arcsinh.csv,user/Desktop/Precificação_AI/ETL/.venv/Lib/site-packages/numpy/core/tests/data/umath-validation-set-arctan.csv,user/Desktop/Precificação_AI/ETL/.venv/Lib/site-packages/numpy/core/tests/data/umath-validation-set-arctanh.csv,user/Desktop/Precificação_AI/ETL/.venv/Lib/site-packages/numpy/core/tests/data/umath-validation-set-cbrt.csv,user/Desktop/Precificação_AI/ETL/.venv/Lib/site-packages/numpy/core/tests/data/umath-validation-set-cos.csv,user/Desktop/Precificação_AI/ETL/.venv/Lib/site-packages/numpy/core/tests/data/umath-validation-set-cosh.csv,user/Desktop/Precificação_AI/ETL/.venv/Lib/site-packages/numpy/core/tests/data/umath-validation-set-exp.csv,user/Desktop/Precificação_AI/ETL/.venv/Lib/site-packages/numpy/core/tests/data/umath-validation-set-exp2.csv,user/Desktop/Precificação_AI/ETL/.venv/Lib/site-packages/numpy/core/tests/data/umath-validation-set-expm1.csv,user/Desktop/Precificação_AI/ETL/.venv/Lib/site-packages/numpy/core/tests/data/umath-validation-set-log.csv,user/Desktop/Precificação_AI/ETL/.venv/Lib/site-packages/numpy/core/tests/data/umath-validation-set-log10.csv,user/Desktop/Precificação_AI/ETL/.venv/Lib/site-packages/numpy/core/tests/data/umath-validation-set-log1p.csv,user/Desktop/Precificação_AI/ETL/.venv/Lib/site-packages/numpy/core/tests/data/umath-validation-set-log2.csv,user/Desktop/Precificação_AI/ETL/.venv/Lib/site-packages/numpy/core/tests/data/umath-validation-set-sin.csv,user/Desktop/Precificação_AI/ETL/.venv/Lib/site-packages/numpy/core/tests/data/umath-validation-set-sinh.csv,user/Desktop/Precificação_AI/ETL/.venv/Lib/site-packages/numpy/core/tests/data/umath-validation-set-tan.csv,user/Desktop/Precificação_AI/ETL/.venv/Lib/site-packages/numpy/core/tests/data/umath-validation-set-tanh.csv,user/Desktop/Precificação_AI/ETL/.venv/Lib/site-packages/numpy/random/tests/data/mt19937-testset-1.csv,user/Desktop/Precificação_AI/ETL/.venv/Lib/site-packages/numpy/random/tests/data/mt19937-testset-2.csv,user/Desktop/Precificação_AI/ETL/.venv/Lib/site-packages/numpy/random/tests/data/pcg64-testset-1.csv,user/Desktop/Precificação_AI/ETL/.venv/Lib/site-packages/numpy/random/tests/data/pcg64-testset-2.csv,user/Desktop/Precificação_AI/ETL/.venv/Lib/site-packages/numpy/random/tests/data/pcg64dxsm-testset-1.csv,user/Desktop/Precificação_AI/ETL/.venv/Lib/site-packages/numpy/random/tests/data/pcg64dxsm-testset-2.csv,user/Desktop/Precificação_AI/ETL/.venv/Lib/site-packages/numpy/random/tests/data/philox-testset-1.csv,user/Desktop/Precificação_AI/ETL/.venv/Lib/site-packages/numpy/random/tests/data/philox-testset-2.csv,user/Desktop/Precificação_AI/ETL/.venv/Lib/site-packages/numpy/random/tests/data/sfc64-testset-1.csv,user/Desktop/Precificação_AI/ETL/.venv/Lib/site-packages/numpy/random/tests/data/sfc64-testset-2.csv,user/Desktop/Precificação_AI/ETL/.venv/Lib/site-packages/scipy/stats/tests/data/studentized_range_mpmath_ref.json,user/Desktop/Precificação_AI/ETL/.venv/Lib/site-packages/selenium/webdriver/firefox/webdriver_prefs.json,user/Desktop/Precificação_AI/ETL/.venv/Lib/site-packages/sklearn/datasets/data/boston_house_prices.csv,user/Desktop/Precificação_AI/ETL/.venv/Lib/site-packages/sklearn/datasets/data/iris.csv,user/Desktop/Precificação_AI/ETL/.venv/Lib/site-packages/sklearn/datasets/data/linnerud_exercise.csv,user/Desktop/Precificação_AI/ETL/.venv/Lib/site-packages/sklearn/datasets/data/linnerud_physiological.csv,user/Desktop/Precificação_AI/ETL/data/processed/pricing.db,user/Desktop/Precificação_AI/ETL/data/raw/Dados_locais/sistema.csv,user/Desktop/Precificação_AI/Scraper_em_geral/.vscode/settings.json,user/Desktop/Precificação_AI/Scraper_em_geral/MagazineLuiza/data/magalu_products.db,user/Desktop/Precificação_AI/Scraper_em_geral/MagazineLuiza/data/raw/185_60_r15/20250814_153824_185_60_r15_Firestone_F700_relatorio.json,user/Desktop/Precificação_AI/Scraper_em_geral/MagazineLuiza/data/raw/185_70_r13/20250814_160057_185_70_r13_Dunlop_Touring_relatorio.json,user/Desktop/Precificação_AI/Scraper_em_geral/MagazineLuiza/data/raw/185_70_r14/20250814_160129_185_70_r14_Goodyear_Assurance_relatorio.json,user/Desktop/Precificação_AI/Scraper_em_geral/MagazineLuiza/data/raw/185_70_r14/20250814_160155_185_70_r14_Goodyear_Kelly_relatorio.json,user/Desktop/Precificação_AI/Scraper_em_geral/MagazineLuiza/data/raw/185_70_r14/20250814_160223_185_70_r14_Continental_PowerContact_relatorio.json,user/Desktop/Precificação_AI/Scraper_em_geral/MagazineLuiza/data/raw/195_50_r16/20250814_160632_195_50_r16_Dunlop_Direzza_relatorio.json,user/Desktop/Precificação_AI/Scraper_em_geral/MagazineLuiza/data/raw/195_50_r16/20250814_160701_195_50_r16_Goodyear_Kelly_relatorio.json,user/Desktop/Precificação_AI/Scraper_em_geral/MagazineLuiza/data/raw/195_55_r15/20250814_160856_195_55_r15_Goodyear_EfficientGrip_relatorio.json,user/Desktop/Precificação_AI/Scraper_em_geral/MagazineLuiza/data/raw/195_55_r15/20250814_160928_195_55_r15_Dunlop_relatorio.json,user/Desktop/Precificação_AI/Scraper_em_geral/MagazineLuiza/data/raw/195_55_r15/20250814_161453_195_55_r15_Pirelli_P400_Evo_relatorio.json,user/Desktop/Precificação_AI/Scraper_em_geral/MagazineLuiza/data/raw/195_55_r16/20250814_161521_195_55_r16_Falken_Ziex_relatorio.json,user/Desktop/Precificação_AI/Scraper_em_geral/MagazineLuiza/data/raw/195_55_r16/20250814_161733_195_55_r16_Continental_PowerContact_relatorio.json,user/Desktop/Precificação_AI/Scraper_em_geral/MagazineLuiza/data/raw/195_55_r16/20250814_162001_195_55_r16_Goodyear_Eagle_relatorio.json,user/Desktop/Precificação_AI/Scraper_em_geral/MagazineLuiza/data/raw/195_60_r15/20250814_162029_195_60_r15_Continental_PowerContact_relatorio.json,user/Desktop/Precificação_AI/Scraper_em_geral/MagazineLuiza/data/raw/195_60_r15/20250814_162058_195_60_r15_Goodyear_Kelly_relatorio.json,user/Desktop/Precificação_AI/Scraper_em_geral/MagazineLuiza/data/raw/195_60_r15/20250814_162424_195_60_r15_Michelin_Energy_XM2_relatorio.json,user/Desktop/Precificação_AI/Scraper_em_geral/MagazineLuiza/data/raw/195_65_r15/20250814_163647_195_65_r15_Goodyear_EfficientGrip_relatorio.json,user/Desktop/Precificação_AI/Scraper_em_geral/MagazineLuiza/data/raw/195_65_r15/20250814_163716_195_65_r15_Firestone_F700_relatorio.json,user/Desktop/Precificação_AI/Scraper_em_geral/MagazineLuiza/data/raw/205_45_r17/20250814_163857_205_45_r17_Dunlop_DZ10_relatorio.json,user/Desktop/Precificação_AI/Scraper_em_geral/MagazineLuiza/data/raw/205_50_r17/20250814_163927_205_50_r17_Goodyear_Eagle_relatorio.json,user/Desktop/Precificação_AI/Scraper_em_geral/MagazineLuiza/data/raw/205_60_r16/20250814_171527_205_60_r16_Sumitomo_BC100_relatorio.json,user/Desktop/Precificação_AI/Scraper_em_geral/MagazineLuiza/data/raw/205_70_r15/20250814_173331_205_70_r15_Michelin_Ltx_Force_relatorio.json,user/Desktop/Precificação_AI/Scraper_em_geral/MagazineLuiza/data/raw/215_45_r17/20250814_173627_215_45_r17_Sumitomo_BC100_relatorio.json,user/Desktop/Precificação_AI/Scraper_em_geral/mercadolivre/data/JSON/pneu-175-70-r14-dunlop-sp-touring_20250801_114837.json,user/Desktop/Precificação_AI/Unificador_DB/data/AI/audit/dq_by_marketplace.csv,user/Desktop/Precificação_AI/Unificador_DB/data/AI/audit/dq_report.csv,user/Desktop/Precificação_AI/Unificador_DB/data/unificadoDB/unified_products.db,user/Desktop/Precificação_AI/Unificador_DB/data/unificadoDB/unified_products2.0.db,user/Desktop/Precificação_AI/Unificador_DB/data/unificadoDB/unified_products3.0.db,user/Desktop/Precificação_AI/Unificador_DB/data/unificadoDB/unified_products4.0.db,user/Desktop/Precificação_AI/Unificador_DB/normalization_config.json,user/Desktop/Precificação_AI/Unificador_DB/unified_products.db,user/Desktop/Precificação_AI/data/processed/amazon/pricing_20250722_115411.json,user/Desktop/Precificação_AI/data/processed/amazon/pricing_20250722_140721.json,user/Desktop/Precificação_AI/data/processed/amazon/pricing_20250722_152828.json,user/Desktop/Precificação_AI/data/processed/marketplaces.db,user/Desktop/Precificação_AI/data/processed/mercadolivre/pricing_20250722_111219.json,user/Desktop/Precificação_AI/data/processed/mercadolivre/pricing_20250722_115407.json,user/Desktop/Precificação_AI/data/processed/mercadolivre/pricing_20250722_140720.json,user/Desktop/Precificação_AI/data/processed/pricing.db,user/Desktop/Precificação_AI/src/pricing_ai/.venv/Lib/site-packages/numpy/_core/tests/data/umath-validation-set-arccos.csv,user/Desktop/Precificação_AI/src/pricing_ai/.venv/Lib/site-packages/numpy/_core/tests/data/umath-validation-set-arccosh.csv,user/Desktop/Precificação_AI/src/pricing_ai/.venv/Lib/site-packages/numpy/_core/tests/data/umath-validation-set-arcsin.csv,user/Desktop/Precificação_AI/src/pricing_ai/.venv/Lib/site-packages/numpy/_core/tests/data/umath-validation-set-arcsinh.csv,user/Desktop/Precificação_AI/src/pricing_ai/.venv/Lib/site-packages/numpy/_core/tests/data/umath-validation-set-arctan.csv,user/Desktop/Precificação_AI/src/pricing_ai/.venv/Lib/site-packages/numpy/_core/tests/data/umath-validation-set-arctanh.csv,user/Desktop/Precificação_AI/src/pricing_ai/.venv/Lib/site-packages/numpy/_core/tests/data/umath-validation-set-cbrt.csv,user/Desktop/Precificação_AI/src/pricing_ai/.venv/Lib/site-packages/numpy/_core/tests/data/umath-validation-set-cos.csv,user/Desktop/Precificação_AI/src/pricing_ai/.venv/Lib/site-packages/numpy/_core/tests/data/umath-validation-set-cosh.csv,user/Desktop/Precificação_AI/src/pricing_ai/.venv/Lib/site-packages/numpy/_core/tests/data/umath-validation-set-exp.csv,user/Desktop/Precificação_AI/src/pricing_ai/.venv/Lib/site-packages/numpy/_core/tests/data/umath-validation-set-exp2.csv,user/Desktop/Precificação_AI/src/pricing_ai/.venv/Lib/site-packages/numpy/_core/tests/data/umath-validation-set-expm1.csv,user/Desktop/Precificação_AI/src/pricing_ai/.venv/Lib/site-packages/numpy/_core/tests/data/umath-validation-set-log.csv,user/Desktop/Precificação_AI/src/pricing_ai/.venv/Lib/site-packages/numpy/_core/tests/data/umath-validation-set-log10.csv,user/Desktop/Precificação_AI/src/pricing_ai/.venv/Lib/site-packages/numpy/_core/tests/data/umath-validation-set-log1p.csv,user/Desktop/Precificação_AI/src/pricing_ai/.venv/Lib/site-packages/numpy/_core/tests/data/umath-validation-set-log2.csv,user/Desktop/Precificação_AI/src/pricing_ai/.venv/Lib/site-packages/numpy/_core/tests/data/umath-validation-set-sin.csv,user/Desktop/Precificação_AI/src/pricing_ai/.venv/Lib/site-packages/numpy/_core/tests/data/umath-validation-set-sinh.csv,user/Desktop/Precificação_AI/src/pricing_ai/.venv/Lib/site-packages/numpy/_core/tests/data/umath-validation-set-tan.csv,user/Desktop/Precificação_AI/src/pricing_ai/.venv/Lib/site-packages/numpy/_core/tests/data/umath-validation-set-tanh.csv,user/Desktop/Precificação_AI/src/pricing_ai/.venv/Lib/site-packages/numpy/random/tests/data/mt19937-testset-1.csv,user/Desktop/Precificação_AI/src/pricing_ai/.venv/Lib/site-packages/numpy/random/tests/data/mt19937-testset-2.csv,user/Desktop/Precificação_AI/src/pricing_ai/.venv/Lib/site-packages/numpy/random/tests/data/pcg64-testset-1.csv,user/Desktop/Precificação_AI/src/pricing_ai/.venv/Lib/site-packages/numpy/random/tests/data/pcg64-testset-2.csv,user/Desktop/Precificação_AI/src/pricing_ai/.venv/Lib/site-packages/numpy/random/tests/data/pcg64dxsm-testset-1.csv,user/Desktop/Precificação_AI/src/pricing_ai/.venv/Lib/site-packages/numpy/random/tests/data/pcg64dxsm-testset-2.csv,user/Desktop/Precificação_AI/src/pricing_ai/.venv/Lib/site-packages/numpy/random/tests/data/philox-testset-1.csv,user/Desktop/Precificação_AI/src/pricing_ai/.venv/Lib/site-packages/numpy/random/tests/data/philox-testset-2.csv,user/Desktop/Precificação_AI/src/pricing_ai/.venv/Lib/site-packages/numpy/random/tests/data/sfc64-testset-1.csv,user/Desktop/Precificação_AI/src/pricing_ai/.venv/Lib/site-packages/numpy/random/tests/data/sfc64-testset-2.csv,user/Desktop/Precificação_AI/src/pricing_ai/.venv/Lib/site-packages/scipy/stats/tests/data/studentized_range_mpmath_ref.json,user/Desktop/Precificação_AI/src/pricing_ai/.venv/Lib/site-packages/sklearn/datasets/data/iris.csv,user/Desktop/Precificação_AI/src/pricing_ai/.venv/Lib/site-packages/sklearn/datasets/data/linnerud_exercise.csv,user/Desktop/Precificação_AI/src/pricing_ai/.venv/Lib/site-packages/sklearn/datasets/data/linnerud_physiological.csv"
175/70R13,,,175/70R13,9,mercadolivre,519.64,51964.0,11951.72,519.64,519.64,51964.0,11951.72,"user/Desktop/Precificação_AI/ETL/data/raw/mercadolivre/pneu-175-70-r13-goodyear-kelly-edge_20250722_090616.json,user/Desktop/Precificação_AI/ETL/data/raw/mercadolivre/pneu-175-70-r13-goodyear-kelly-edge_20250723_081512.json,user/Desktop/Precificação_AI/ETL/data/raw/mercadolivre/pneu-175-70-r13-goodyear-kelly-edge_20250724_100119.json,user/Desktop/Precificação_AI/ETL/data/raw/mercadolivre/pneu-175-70-r13-goodyear-kelly-edge_20250725_084655.json,user/Desktop/Precificação_AI/Scraper_em_geral/mercadolivre/data/JSON/pneu-175-70-r13-goodyear-dunlop_20250730_090050.json,user/Desktop/Precificação_AI/Scraper_em_geral/mercadolivre/data/JSON/pneu-175-70-r13-goodyear-kelly-edge_20250729_084502.json,user/Desktop/Precificação_AI/data/processed/marketplaces.db,user/Desktop/Precificação_AI/data/processed/mercadolivre/pricing_20250722_142324.json"
175/70R14,,,175/70R14,1,mercadolivre,415.9,415.9,415.9,415.9,415.9,415.9,415.9,user/Desktop/Precificação_AI/Scraper_em_geral/mercadolivre/data/JSON/pneu-175-70-r14-dunlop-sp-touring_20250801_114837.json
175/70R14|p400,,p400,175/70R14,1,mercadolivre,339.9,339.9,339.9,339.9,339.9,339.9,339.9,user/Desktop/Precificação_AI/Scraper_em_geral/mercadolivre/data/JSON/pneu-175-70-r14-dunlop-sp-touring_20250801_114837.json
CONTINENTAL|185-70-r14,CONTINENTAL,,185-70-r14,3,pneustore,351.9,484.9,437.2333333333333,474.9,376.5,482.9,474.9,user/Desktop/Precificação_AI/Scraper_em_geral/pneustore/dados/raw/185-70-r14/pneu-18570r14-continental-powercontact_20250808_162804.csv
CONTINENTAL|195-55-r16,CONTINENTAL,,195-55-r16,6,pneustore,559.9,759.9,614.9,574.9,564.9,704.9,592.4,user/Desktop/Precificação_AI/Scraper_em_geral/pneustore/dados/raw/195-55-r16/pneu-19555r16-continental-powercontact_20250808_165419.csv
CONTINENTAL|195-60-r15,CONTINENTAL,,195-60-r15,3,pneustore,361.68,519.9,463.82666666666665,509.9,391.324,517.9,509.9,user/Desktop/Precificação_AI/Scraper_em_geral/pneustore/dados/raw/195-60-r15/pneu-19560r15-continental-powercontact_20250808_170042.csv
Dunlop,Dunlop,,,1,,,,,,,,,user/Desktop/Precificação_AI/query_products.json
GOODYEAR|165-70-r13|assurance,GOODYEAR,assurance,165-70-r13,2,pneustore,386.13,386.13,386.13,386.13,386.13,386.13,386.13,"user/Desktop/Precificação_AI/Scraper_em_geral/pneustore/dados/raw/165-70-r13/pneu-165-70-r13-goodyear-assurance_20250801_155101.json,user/Desktop/Precificação_AI/Scraper_em_geral/pneustore/dados/raw/165-70-r13/pneu-16570r13-goodyear-assurance_20250808_151245.csv"
GOODYEAR|165-70-r14|assurance,GOODYEAR,assurance,165-70-r14,2,pneustore,400.79,400.79,400.79,400.79,400.79,400.79,400.79,"user/Desktop/Precificação_AI/Scraper_em_geral/pneustore/dados/raw/165-70-r14/pneu-165-70-r14-goodyear-assurance_20250801_154726.json,user/Desktop/Precificação_AI/Scraper_em_geral/pneustore/dados/raw/165-70-r14/pneu-16570r14-goodyear-assurance_20250808_151506.csv"
GOODYEAR|175-65-r14|assurance,GOODYEAR,assurance,175-65-r14,2,pneustore,356.79,356.79,356.79,356.79,356.79,356.79,356.79,"user/Desktop/Precificação_AI/Scraper_em_geral/pneustore/dados/raw/175-65-r14/pneu-175-65-r14-goodyear-assurance_20250801_153342.json,user/Desktop/Precificação_AI/Scraper_em_geral/pneustore/dados/raw/175-65-r14/pneu-17565r14-goodyear-assurance_20250808_152659.csv"
GOODYEAR|175-70-r13|assurance,GOODYEAR,assurance,175-70-r13,4,pneustore,391.01,399.9,395.455,395.455,391.01,399.9,395.455,"user/Desktop/Precificação_AI/ETL/data/raw/pneustore/pneu-17570r13-goodyear-assurance_20250724_170137.json,user/Desktop/Precificação_AI/ETL/data/raw/pneustore/pneu-17570r13-goodyear-assurance_20250725_095519.json,user/Desktop/Precificação_AI/Scraper_em_geral/pneustore/dados/raw/175-70-r13/pneu-175-70-r13-goodyear-assurance_20250801_151239.json,user/Desktop/Precificação_AI/Scraper_em_geral/pneustore/dados/raw/175-70-r13/pneu-17570r13-goodyear-assurance_20250808_153359.csv"
GOODYEAR|175-70-r14|assurance,GOODYEAR,assurance,175-70-r14,3,pneustore,439.9,454.57,449.68,454.57,442.834,454.57,454.57,"user/Desktop/Precificação_AI/Scraper_em_geral/pneustore/dados/raw/175-70-r14/pneu-175-70-r14-goodyear-assurance_20250801_145827.json,user/Desktop/Precificação_AI/Scraper_em_geral/pneustore/dados/raw/175-70-r14/pneu-17570r14-goodyear-assurance_20250808_154223.csv"
GOODYEAR|185-65-r14|assurance,GOODYEAR,assurance,185-65-r14,1,pneustore,488.79,488.79,488.79,488.79,488.79,488.79,488.79,user/Desktop/Precificação_AI/Scraper_em_geral/pneustore/dados/raw/185-65-r14/pneu-18565r14-goodyear-assurance_20250808_160812.csv
GOODYEAR|185-70-r14|assurance,GOODYEAR,assurance,185-70-r14,1,pneustore,498.57,498.57,498.57,498.57,498.57,498.57,498.57,user/Desktop/Precificação_AI/Scraper_em_geral/pneustore/dados/raw/185-70-r14/pneu-18570r14-goodyear-assurance_20250808_162258.csv
GOODYEAR|185-65-r15|eagle,GOODYEAR,eagle,185-65-r15,1,pneustore,532.79,532.79,532.79,532.79,532.79,532.79,532.79,user/Desktop/Precificação_AI/Scraper_em_geral/pneustore/dados/raw/185-65-r15/pneu-18565r15-goodyear-eagle_20250808_161557.csv
GOODYEAR|185-55-r16|eagle sport,GOODYEAR,eagle sport,185-55-r16,1,pneustore,606.13,606.13,606.13,606.13,606.13,606.13,606.13,user/Desktop/Precificação_AI/Scraper_em_geral/pneustore/dados/raw/185-55-r16/pneu-18555r16-goodyear-eagle_20250808_154859.csv
GOODYEAR|185-60-r15|eagle sport,GOODYEAR,eagle sport,185-60-r15,1,pneustore,498.57,498.57,498.57,498.57,498.57,498.57,498.57,user/Desktop/Precificação_AI/Scraper_em_geral/pneustore/dados/raw/185-60-r15/pneu-18560r15-goodyear-eagle_20250808_160343.csv
GOODYEAR|185-65-r15|eagle sport,GOODYEAR,eagle sport,185-65-r15,1,pneustore,523.01,523.01,523.01,523.01,523.01,523.01,523.01,user/Desktop/Precificação_AI/Scraper_em_geral/pneustore/dados/raw/185-65-r15/pneu-18565r15-goodyear-eagle_20250808_161557.csv
GOODYEAR|195-55-r15|eagle sport,GOODYEAR,eagle sport,195-55-r15,1,pneustore,498.57,498.57,498.57,498.57,498.57,498.57,498.57,user/Desktop/Precificação_AI/Scraper_em_geral/pneustore/dados/raw/195-55-r15/pneu-19555r15-goodyear-eagle_20250808_163741.csv
GOODYEAR|195-55-r16|eagle sport,GOODYEAR,eagle sport,195-55-r16,1,pneustore,601.23,601.23,601.23,601.23,601.23,601.23,601.23,user/Desktop/Precificação_AI/Scraper_em_geral/pneustore/dados/raw/195-55-r16/pneu-19555r16-goodyear-eagle_20250808_165815.csv
GOODYEAR|195-55-r15|efficientgrip,GOODYEAR,efficientgrip,195-55-r15,1,pneustore,547.46,547.46,547.46,547.46,547.46,547.46,547.46,user/Desktop/Precificação_AI/Scraper_em_geral/pneustore/dados/raw/195-55-r15/pneu-19555r15-goodyear-efficientgrip_20250808_164013.csv
GOODYEAR|165-70-r13|kelly,GOODYEAR,kelly,165-70-r13,1,pneustore,327.46,327.46,327.46,327.46,327.46,327.46,327.46,user/Desktop/Precificação_AI/Scraper_em_geral/pneustore/dados/raw/165-70-r13/pneu-165-70-r13-goodyear-kelly_20250801_155345.json
GOODYEAR|175-65-r14|kelly,GOODYEAR,kelly,175-65-r14,1,pneustore,342.13,342.13,342.13,342.13,342.13,342.13,342.13,user/Desktop/Precificação_AI/Scraper_em_geral/pneustore/dados/raw/175-65-r14/pneu-175-65-r14-goodyear-kelly_20250801_152933.json
GOODYEAR|175-65-r15|kelly,GOODYEAR,kelly,175-65-r15,1,pneustore,415.46,415.46,415.46,415.46,415.46,415.46,415.46,user/Desktop/Precificação_AI/Scraper_em_geral/pneustore/dados/raw/175-65-r15/pneu-175-65-r15-goodyear-kelly_20250801_152358.json
GOODYEAR|175-70-r13|kelly,GOODYEAR,kelly,175-70-r13,2,pneustore,332.35,339.9,336.125,336.125,333.105,339.145,,"user/Desktop/Precificação_AI/ETL/data/raw/pneustore/pneu-17570r13-goodyear-kelly_20250725_095938.json,user/Desktop/Precificação_AI/Scraper_em_geral/pneustore/dados/raw/175-70-r13/pneu-175-70-r13-goodyear-kelly_20250801_151626.json"
GOODYEAR|185-65-r14|kelly,GOODYEAR,kelly,185-65-r14,1,pneustore,400.79,400.79,400.79,400.79,400.79,400.79,400.79,user/Desktop/Precificação_AI/Scraper_em_geral/pneustore/dados/raw/185-65-r14/pneu-18565r14-goodyear-kelly_20250808_161022.csv
GOODYEAR|185-70-r14|kelly,GOODYEAR,kelly,185-70-r14,1,pneustore,435.01,435.01,435.01,435.01,435.01,435.01,435.01,user/Desktop/Precificação_AI/Scraper_em_geral/pneustore/dados/raw/185-70-r14/pneu-18570r14-goodyear-kelly_20250808_162514.csv
GOODYEAR|195-50-r16|kelly,GOODYEAR,kelly,195-50-r16,1,pneustore,503.46,503.46,503.46,503.46,503.46,503.46,503.46,user/Desktop/Precificação_AI/Scraper_em_geral/pneustore/dados/raw/195-50-r16/pneu-19550r16-goodyear-kelly_20250808_163510.csv
GOODYEAR|165-70-r13|kelly edge,GOODYEAR,kelly edge,165-70-r13,1,pneustore,317.68,317.68,317.68,317.68,317.68,317.68,317.68,user/Desktop/Precificação_AI/Scraper_em_geral/pneustore/dados/raw/165-70-r13/pneu-16570r13-goodyear-kelly-edge_20250808_151026.csv
GOODYEAR|175-65-r14|kelly edge,GOODYEAR,kelly edge,175-65-r14,1,pneustore,312.79,312.79,312.79,312.79,312.79,312.79,312.79,user/Desktop/Precificação_AI/Scraper_em_geral/pneustore/dados/raw/175-65-r14/pneu-17565r14-goodyear-kelly-edge_20250808_152442.csv
PIRELLI|175-65-r14|p400 evo,PIRELLI,p400 evo,175-65-r14,2,pneustore,351.9,351.9,351.9,351.9,351.9,351.9,351.9,"user/Desktop/Precificação_AI/Scraper_em_geral/pneustore/dados/raw/175-65-r14/pneu-175-65-r14-pirelli-p400-evo_20250801_153621.json,user/Desktop/Precificação_AI/Scraper_em_geral/pneustore/dados/raw/175-65-r14/pneu-17565r14-pirelli-p400-evo_20250808_152226.csv"
PIRELLI|175-70-r14|p400 evo,PIRELLI,p400 evo,175-70-r14,2,pneustore,391.01,391.01,391.01,391.01,391.01,391.01,391.01,"user/Desktop/Precificação_AI/Scraper_em_geral/pneustore/dados/raw/175-70-r14/pneu-175-70-r14-pirelli-p400_20250801_150808.json,user/Desktop/Precificação_AI/Scraper_em_geral/pneustore/dados/raw/175-70-r14/pneu-17570r14-pirelli-p400-evo_20250808_153817.csv"
PIRELLI|185-60-r15|p400 evo,PIRELLI,p400 evo,185-60-r15,1,pneustore,410.57,410.57,410.57,410.57,410.57,410.57,410.57,user/Desktop/Precificação_AI/Scraper_em_geral/pneustore/dados/raw/185-60-r15/pneu-18560r15-pirelli-p400-evo_20250808_160559.csv
PIRELLI|195-55-r15|p400 evo,PIRELLI,p400 evo,195-55-r15,1,pneustore,420.35,420.35,420.35,420.35,420.35,420.35,420.35,user/Desktop/Precificação_AI/Scraper_em_geral/pneustore/dados/raw/195-55-r15/pneu-19555r15-pirelli-p400-evo_20250808_164814.csv
barum|175/70R13,barum,,175/70R13,6,mercadolivre,305.85,402.17,355.53,350.09,325.21000000000004,391.29,356.29,user/Desktop/Precificação_AI/Scraper_em_geral/mercadolivre/data/raw/175-70-r13/pneu-175-70-r13-formula-energy_20250808_113705.csv
bridgestone,bridgestone,,,7,mercadolivre,555.68,1017.0,720.9371428571429,668.76,564.164,965.61,694.776,user/Desktop/Precificação_AI/Scraper_em_geral/mercadolivre/data/raw/195-55-r15/pneu-195-55-r15-bridgestone-ecopia_20250808_125845.csv
bridgestone|195/55R15,bridgestone,,195/55R15,80,"magazineluiza,mercadolivre",468.46,829.76,625.254125,612.06,533.3,733.72,619.9301515151515,"user/Desktop/Precificação_AI/Scraper_em_geral/MagazineLuiza/data/raw/195-55-r15/pneu-195-55-r15-bridgestone-ecopia_20250805_104549.json,user/Desktop/Precificação_AI/Scraper_em_geral/MagazineLuiza/data/raw/195-55-r15/pneu-19555r15-bridgestone-ecopia_20250807_163947.json,user/Desktop/Precificação_AI/Scraper_em_geral/MagazineLuiza/data/raw/195-55-r15/pneu-19555r15-bridgestone-ecopia_20250808_162814.csv,user/Desktop/Precificação_AI/Scraper_em_geral/mercadolivre/data/raw/195-55-r15/pneu-195-55-r15-bridgestone-ecopia_20250808_125845.csv"
bridgestone|195/55R15|eagle,bridgestone,eagle,195/55R15,1,pneustore,498.57,498.57,498.57,498.57,498.57,498.57,498.57,user/Desktop/Precificação_AI/Scraper_em_geral/pneustore/dados/raw/195-55-r15/pneu-19555r15-bridgestone-ecopia_20250811_161910.csv
bridgestone|195/55R15|ecopia,bridgestone,ecopia,195/55R15,81,mercadolivre,540.46,804.04,642.0706172839506,630.81,564.0,729.15,636.8539393939394,"user/Desktop/Precificação_AI/Scraper_em_geral/mercadolivre/data/raw/195-55-r15/pneu-195-55-r15-bridgestone-ecopia_20250811_144835.csv,user/Desktop/Precificação_AI/Scraper_em_geral/mercadolivre/data/raw/195-55-r15/pneu-195-55-r15-bridgestone-ecopia_20250814_155023.csv"
bridgestone||ecopia,bridgestone,ecopia,,14,mercadolivre,555.68,1017.0,720.9371428571429,668.76,559.922,991.3050000000001,694.7760000000001,"user/Desktop/Precificação_AI/Scraper_em_geral/mercadolivre/data/raw/195-55-r15/pneu-195-55-r15-bridgestone-ecopia_20250811_144835.csv,user/Desktop/Precificação_AI/Scraper_em_geral/mercadolivre/data/raw/195-55-r15/pneu-195-55-r15-bridgestone-ecopia_20250814_155023.csv"
bridgestone|195/55R15|efficientgrip,bridgestone,efficientgrip,195/55R15,1,pneustore,547.46,547.46,547.46,547.46,547.46,547.46,547.46,user/Desktop/Precificação_AI/Scraper_em_geral/pneustore/dados/raw/195-55-r15/pneu-19555r15-bridgestone-ecopia_20250811_161910.csv
bridgestone|195/55R15|p400,bridgestone,p400,195/55R15,1,pneustore,420.35,420.35,420.35,420.35,420.35,420.35,420.35,user/Desktop/Precificação_AI/Scraper_em_geral/pneustore/dados/raw/195-55-r15/pneu-19555r15-bridgestone-ecopia_20250811_161910.csv
bridgestone|195/55R15|powercontact,bridgestone,powercontact,195/55R15,1,pneustore,454.9,454.9,454.9,454.9,454.9,454.9,454.9,user/Desktop/Precificação_AI/Scraper_em_geral/pneustore/dados/raw/195-55-r15/pneu-19555r15-bridgestone-ecopia_20250811_161910.csv
bridgestone|195/55R15,bridgestone,,195/55R15,32,"magazineluiza,pneustore",263.9,788.27,577.0021875,612.06,334.305,781.2030000000001,586.2333333333332,"user/Desktop/Precificação_AI/Scraper_em_geral/MagazineLuiza/data/raw/195-55-r15/pneu-19555r15-bridgestone-ecopia_20250811_154941.csv,user/Desktop/Precificação_AI/Scraper_em_geral/MagazineLuiza/data/raw/195-55-r15/pneu-19555r15-bridgestone-ecopia_20250814_131417.csv,user/Desktop/Precificação_AI/Scraper_em_geral/pneustore/dados/raw/195-55-r15/pneu-19555r15-bridgestone-ecopia_20250811_161910.csv"
continental,continental,,,12,mercadolivre,657.03,876.53,763.38,743.12,691.6940000000001,849.5419999999999,760.6375,"user/Desktop/Precificação_AI/Scraper_em_geral/mercadolivre/data/raw/185-70-r14/pneu-185-70-r14-continental-powercontact_20250808_123721.csv,user/Desktop/Precificação_AI/Scraper_em_geral/mercadolivre/data/raw/195-55-r16/pneu-195-55-r16-continental-powercontact_20250808_130538.csv,user/Desktop/Precificação_AI/Scraper_em_geral/mercadolivre/data/raw/195-60-r15/pneu-195-60-r15-continental-powercontact_20250808_131157.csv,user/Desktop/Precificação_AI/Scraper_em_geral/mercadolivre/data/raw/195-65-r15/pneu-195-65-r15-continental-powercontact_20250808_132353.csv,user/Desktop/Precificação_AI/Scraper_em_geral/mercadolivre/data/raw/205-55-r16/pneu-205-55-r16-continental-powercontact_20250808_134505.csv"
continental|175/70R13,continental,,175/70R13,2,mercadolivre,378.95,421.42,400.185,400.185,383.197,417.173,,user/Desktop/Precificação_AI/Scraper_em_geral/mercadolivre/data/raw/175-70-r13/pneu-175-70-r13-formula-energy_20250808_113705.csv
continental|185/70R14,continental,,185/70R14,71,"magazineluiza,mercadolivre",398.82,864.84,580.5097183098593,584.99,451.22,760.91,582.7966666666667,"user/Desktop/Precificação_AI/Scraper_em_geral/MagazineLuiza/data/raw/185-70-r14/pneu-185-70-r14-continental-barum-bravuris_20250804_154234.json,user/Desktop/Precificação_AI/Scraper_em_geral/MagazineLuiza/data/raw/185-70-r14/pneu-185-70-r14-continental-powercontact-2_20250804_165547.json,user/Desktop/Precificação_AI/Scraper_em_geral/MagazineLuiza/data/raw/185-70-r14/pneu-18570r14-continental-powercontact_20250807_160707.json,user/Desktop/Precificação_AI/Scraper_em_geral/MagazineLuiza/data/raw/185-70-r14/pneu-18570r14-continental-powercontact_20250808_155145.csv,user/Desktop/Precificação_AI/Scraper_em_geral/mercadolivre/data/raw/185-70-r14/pneu-185-70-r14-continental-powercontact_20250808_123721.csv"
continental|195/55R16,continental,,195/55R16,60,"magazineluiza,mercadolivre",140.0,971.46,637.2618333333334,689.06,428.9100000000001,791.27,673.3184,"user/Desktop/Precificação_AI/Scraper_em_geral/MagazineLuiza/data/raw/195-55-r16/pneu-19555r16-continental-powercontact_20250808_164124.csv,user/Desktop/Precificação_AI/Scraper_em_geral/mercadolivre/data/raw/195-55-r16/pneu-195-55-r16-continental-powercontact_20250808_130538.csv"
continental|195/60R15,continental,,195/60R15,54,"magazineluiza,mercadolivre",455.2,786.97,623.437037037037,629.965,515.852,714.91,626.4304651162792,"user/Desktop/Precificação_AI/Scraper_em_geral/MagazineLuiza/data/raw/195-60-r15/pneu-19560r15-continental-powercontact_20250808_165357.csv,user/Desktop/Precificação_AI/Scraper_em_geral/mercadolivre/data/raw/195-60-r15/pneu-195-60-r15-continental-powercontact_20250808_131157.csv"
continental|195/65R15,continental,,195/65R15,70,"magazineluiza,mercadolivre",90.0,2570.0,676.4938571428572,665.61,515.165,813.8380000000001,644.4228571428573,"user/Desktop/Precificação_AI/Scraper_em_geral/MagazineLuiza/data/raw/195-65-r15/pneu-19565r15-continental-powercontact_20250808_084320.json,user/Desktop/Precificação_AI/Scraper_em_geral/mercadolivre/data/raw/195-65-r15/pneu-195-65-r15-continental-powercontact_20250808_132353.csv"
continental|205/55R16,continental,,205/55R16,63,"magazineluiza,mercadolivre",438.9,860.55,609.3131746031746,603.81,490.27599999999995,726.17,608.7148,"user/Desktop/Precificação_AI/Scraper_em_geral/MagazineLuiza/data/raw/205-55-r16/pneu-20555r16-continental-powercontact_20250808_092627.json,user/Desktop/Precificação_AI/Scraper_em_geral/mercadolivre/data/raw/205-55-r16/pneu-205-55-r16-continental-powercontact_20250808_134505.csv"
continental|185/70R14|powercontact,continental,powercontact,185/70R14,89,"magazineluiza,mercadolivre,pneustore",283.46,944.52,591.4780681818182,588.025,474.9,761.5369999999999,583.9728169014085,"user/Desktop/Precificação_AI/Scraper_em_geral/MagazineLuiza/data/raw/185-70-r14/pneu-18570r14-continental-powercontact_20250811_145231.csv,user/Desktop/Precificação_AI/Scraper_em_geral/mercadolivre/data/raw/185-70-r14/pneu-185-70-r14-continental-powercontact_20250811_142030.csv,user/Desktop/Precificação_AI/Scraper_em_geral/mercadolivre/data/raw/185-70-r14/pneu-185-70-r14-continental-powercontact_20250814_152339.csv,user/Desktop/Precificação_AI/Scraper_em_geral/pneustore/dados/raw/185-70-r14/pneu-18570r14-continental-powercontact_20250811_151532.csv"
continental|195/55R16|powercontact,continental,powercontact,195/55R16,122,"magazineluiza,mercadolivre,pneustore",99.0,1011.9,627.7192622950819,688.0,244.34600000000006,791.27,666.6899019607844,"user/Desktop/Precificação_AI/Scraper_em_geral/MagazineLuiza/data/raw/195-55-r16/pneu-19555r16-continental-powercontact_20250811_161345.csv,user/Desktop/Precificação_AI/Scraper_em_geral/mercadolivre/data/raw/195-55-r16/pneu-195-55-r16-continental-powercontact_20250811_145841.csv,user/Desktop/Precificação_AI/Scraper_em_geral/mercadolivre/data/raw/195-55-r16/pneu-195-55-r16-continental-powercontact_20250814_155759.csv,user/Desktop/Precificação_AI/Scraper_em_geral/pneustore/dados/raw/195-55-r16/pneu-19555r16-continental-powercontact_20250811_164435.csv"
continental|195/60R15|powercontact,continental,powercontact,195/60R15,110,"magazineluiza,mercadolivre,pneustore",283.46,790.33,600.605,615.08,479.493,700.33,604.0686363636363,"user/Desktop/Precificação_AI/Scraper_em_geral/MagazineLuiza/data/raw/195-60-r15/pneu-19560r15-continental-powercontact_20250811_163650.csv,user/Desktop/Precificação_AI/Scraper_em_geral/mercadolivre/data/raw/195-60-r15/pneu-195-60-r15-continental-powercontact_20250811_150720.csv,user/Desktop/Precificação_AI/Scraper_em_geral/mercadolivre/data/raw/195-60-r15/pneu-195-60-r15-continental-powercontact_20250814_160549.csv,user/Desktop/Precificação_AI/Scraper_em_geral/pneustore/dados/raw/195-60-r15/pneu-19560r15-continental-powercontact_20250811_165959.csv"
continental|195/65R15|powercontact,continental,powercontact,195/65R15,128,"magazineluiza,mercadolivre,pneustore",90.0,2364.0,678.844765625,625.95,511.856,865.16,643.8409708737863,"user/Desktop/Precificação_AI/Scraper_em_geral/MagazineLuiza/data/raw/195-65-r15/pneu-19565r15-continental-powercontact_20250811_171533.csv,user/Desktop/Precificação_AI/Scraper_em_geral/MagazineLuiza/data/raw/195-65-r15/pneu-19565r15-continental-powercontact_20250814_133214.csv,user/Desktop/Precificação_AI/Scraper_em_geral/mercadolivre/data/raw/195-65-r15/pneu-195-65-r15-continental-powercontact_20250811_152341.csv,user/Desktop/Precificação_AI/Scraper_em_geral/mercadolivre/data/raw/195-65-r15/pneu-195-65-r15-continental-powercontact_20250814_161839.csv,user/Desktop/Precificação_AI/Scraper_em_geral/pneustore/dados/raw/195-65-r15/pneu-19565r15-continental-powercontact_20250811_172615.csv"
continental|205/55R16|powercontact,continental,powercontact,205/55R16,150,"magazineluiza,mercadolivre,pneustore",273.68,1124.35,591.4617333333333,590.34,484.9,726.17,584.2347999999998,"user/Desktop/Precificação_AI/Scraper_em_geral/MagazineLuiza/data/raw/205-55-r16/pneu-20555r16-continental-powercontact_20250811_181310.csv,user/Desktop/Precificação_AI/Scraper_em_geral/MagazineLuiza/data/raw/205-55-r16/pneu-20555r16-continental-powercontact_20250814_135351.csv,user/Desktop/Precificação_AI/Scraper_em_geral/mercadolivre/data/raw/205-55-r16/pneu-205-55-r16-continental-powercontact_20250811_155649.csv,user/Desktop/Precificação_AI/Scraper_em_geral/mercadolivre/data/raw/205-55-r16/pneu-205-55-r16-continental-powercontact_20250814_164410.csv,user/Desktop/Precificação_AI/Scraper_em_geral/pneustore/dados/raw/205-55-r16/pneu-20555r16-continental-powercontact_20250811_182342.csv"
continental||powercontact,continental,powercontact,,42,mercadolivre,379.0,881.97,744.2630952380952,744.39,658.35,870.6,754.7973529411764,"user/Desktop/Precificação_AI/Scraper_em_geral/mercadolivre/data/raw/185-70-r14/pneu-185-70-r14-continental-powercontact_20250811_142030.csv,user/Desktop/Precificação_AI/Scraper_em_geral/mercadolivre/data/raw/185-70-r14/pneu-185-70-r14-continental-powercontact_20250814_152339.csv,user/Desktop/Precificação_AI/Scraper_em_geral/mercadolivre/data/raw/195-55-r16/pneu-195-55-r16-continental-powercontact_20250811_145841.csv,user/Desktop/Precificação_AI/Scraper_em_geral/mercadolivre/data/raw/195-55-r16/pneu-195-55-r16-continental-powercontact_20250814_155759.csv,user/Desktop/Precificação_AI/Scraper_em_geral/mercadolivre/data/raw/195-60-r15/pneu-195-60-r15-continental-powercontact_20250811_150720.csv,user/Desktop/Precificação_AI/Scraper_em_geral/mercadolivre/data/raw/195-60-r15/pneu-195-60-r15-continental-powercontact_20250814_160549.csv,user/Desktop/Precificação_AI/Scraper_em_geral/mercadolivre/data/raw/195-65-r15/pneu-195-65-r15-continental-powercontact_20250811_152341.csv,user/Desktop/Precificação_AI/Scraper_em_geral/mercadolivre/data/raw/195-65-r15/pneu-195-65-r15-continental-powercontact_20250814_161839.csv,user/Desktop/Precificação_AI/Scraper_em_geral/mercadolivre/data/raw/205-55-r16/pneu-205-55-r16-continental-powercontact_20250811_155649.csv,user/Desktop/Precificação_AI/Scraper_em_geral/mercadolivre/data/raw/205-55-r16/pneu-205-55-r16-continental-powercontact_20250814_164410.csv"
dunlop,dunlop,,,17,"magazineluiza,mercadolivre",160.0,660.0,494.3894117647058,514.33,406.36,578.152,512.0953846153845,"user/Desktop/Precificação_AI/Scraper_em_geral/MagazineLuiza/data/raw/175-70-r14/pneu-17570r14-dunlop-grandtrek_20250807_144130.json,user/Desktop/Precificação_AI/Scraper_em_geral/MagazineLuiza/data/raw/175-70-r14/pneu-17570r14-dunlop-grandtrek_20250808_141643.csv,user/Desktop/Precificação_AI/Scraper_em_geral/MagazineLuiza/data/raw/195-50-r15/pneu-195-50-r15-dunlop-dz102_20250804_165937.json,user/Desktop/Precificação_AI/Scraper_em_geral/MagazineLuiza/data/raw/195-50-r16/pneu-195-50-r16-dunlop-direza-dz-102_20250805_094740.json,user/Desktop/Precificação_AI/Scraper_em_geral/MagazineLuiza/data/raw/195-55-r15/pneu-19555r15-dunlop_20250807_163007.json,user/Desktop/Precificação_AI/Scraper_em_geral/MagazineLuiza/data/raw/195-55-r15/pneu-19555r15-dunlop_20250808_161840.csv,user/Desktop/Precificação_AI/Scraper_em_geral/MagazineLuiza/data/raw/205-60-r15/pneu-20560r15-dunlop-fm800_20250808_095104.json,user/Desktop/Precificação_AI/Scraper_em_geral/mercadolivre/data/JSON/pneu-175-70-r14-dunlop-sp-touring_20250801_114837.json,user/Desktop/Precificação_AI/Scraper_em_geral/mercadolivre/data/raw/165-70-r13/pneu-165-70-r13-dunlop-sp-touring_20250808_104611.csv,user/Desktop/Precificação_AI/Scraper_em_geral/mercadolivre/data/raw/175-65-r14/pneu-175-65-r14-dunlop-sp-touring_20250808_112213.csv,user/Desktop/Precificação_AI/Scraper_em_geral/mercadolivre/data/raw/175-70-r14/pneu-175-70-r14-dunlop-sp-touring_20250801_144453.json,user/Desktop/Precificação_AI/Scraper_em_geral/mercadolivre/data/raw/185-55-r16/pneu-185-55-r16-dunlop-enasave_20250808_120032.csv,user/Desktop/Precificação_AI/Scraper_em_geral/mercadolivre/data/raw/195-50-r16/pneu-195-50-r16-dunlop-direzza_20250808_124409.csv,user/Desktop/Precificação_AI/Scraper_em_geral/mercadolivre/data/raw/195-55-r15/pneu-195-55-r15-dunlop-fm800_20250808_125636.csv"
dunlop|165/70R13,dunlop,,165/70R13,6,mercadolivre,442.27,444.95,443.8866666666667,444.47,442.41499999999996,444.775,444.025,"user/Desktop/Precificação_AI/Scraper_em_geral/mercadolivre/data/raw/165-70-r13/pneu-165-70-r13-dunlop-sp-touring_20250808_104611.csv,user/Desktop/Precificação_AI/Scraper_em_geral/mercadolivre/data/raw/165-70-r13/pneu-165-70-r13-dunlop-sp-touring_20250808_111250.csv"
dunlop|175/65R14,dunlop,,175/65R14,8,mercadolivre,456.07,550.09,491.2125,487.115,465.996,517.617,487.25666666666666,user/Desktop/Precificação_AI/Scraper_em_geral/mercadolivre/data/raw/175-65-r14/pneu-175-65-r14-dunlop-sp-touring_20250808_112213.csv
dunlop|175/70R13,dunlop,,175/70R13,85,mercadolivre,382.7,6030.0,1156.0222352941175,458.49,425.0,4250.0,746.2666666666667,"user/Desktop/Precificação_AI/ETL/data/raw/mercadolivre/pneu-175-70-r13-dunlop-sp-touring_20250721_160640.json,user/Desktop/Precificação_AI/ETL/data/raw/mercadolivre/pneu-175-70-r13-dunlop-sp-touring_20250722_091759.json,user/Desktop/Precificação_AI/ETL/data/raw/mercadolivre/pneu-175-70-r13-dunlop-sp-touring_20250723_085345.json,user/Desktop/Precificação_AI/ETL/data/raw/mercadolivre/pneu-175-70-r13-dunlop-sp-touring_20250724_094050.json,user/Desktop/Precificação_AI/ETL/data/raw/mercadolivre/pneu-175-70-r13-dunlop-sp-touring_20250725_101058.json,user/Desktop/Precificação_AI/ETL/data/raw/mercadolivre/pneu-175-70-r13-dunlop-sp-touring_20250728_091049.json,user/Desktop/Precificação_AI/Scraper_em_geral/mercadolivre/data/JSON/pneu-175-70-r13-goodyear-dunlop_20250730_090050.json,user/Desktop/Precificação_AI/Scraper_em_geral/mercadolivre/data/raw/175-70-r13/pneu-175-70-r13-dunlop-sp-touring_20250808_114147.csv,user/Desktop/Precificação_AI/data/processed/marketplaces.db,user/Desktop/Precificação_AI/data/processed/mercadolivre/pricing_20250722_142324.json"
dunlop|175/70R14,dunlop,,175/70R14,54,"magazineluiza,mercadolivre",504.4,2144.0,776.5322222222222,642.39,518.937,1530.6000000000017,649.2233333333332,"user/Desktop/Precificação_AI/Scraper_em_geral/MagazineLuiza/data/raw/175-70-r14/pneu-17570r14-dunlop-grandtrek_20250807_144130.json,user/Desktop/Precificação_AI/Scraper_em_geral/MagazineLuiza/data/raw/175-70-r14/pneu-17570r14-dunlop-grandtrek_20250808_141643.csv,user/Desktop/Precificação_AI/Scraper_em_geral/mercadolivre/data/JSON/pneu-175-70-r14-dunlop-sp-touring_20250801_114837.json,user/Desktop/Precificação_AI/Scraper_em_geral/mercadolivre/data/raw/175-70-r14/pneu-175-70-r14-dunlop-grandtrek_20250808_115001.csv,user/Desktop/Precificação_AI/Scraper_em_geral/mercadolivre/data/raw/175-70-r14/pneu-175-70-r14-dunlop-sp-touring_20250801_144453.json,user/Desktop/Precificação_AI/Scraper_em_geral/mercadolivre/data/raw/175-70-r14/pneu-175-70-r14-dunlop-sp-touring_20250808_115509.csv"
dunlop|185/55R16,dunlop,,185/55R16,8,"magazineluiza,mercadolivre",678.03,815.25,755.7225,779.41,678.03,815.25,755.7225,"user/Desktop/Precificação_AI/Scraper_em_geral/MagazineLuiza/data/raw/185-55-r16/pneu-18555r16-dunlop-enasave_20250807_150220.json,user/Desktop/Precificação_AI/Scraper_em_geral/MagazineLuiza/data/raw/185-55-r16/pneu-18555r16-dunlop-enasave_20250808_143721.csv,user/Desktop/Precificação_AI/Scraper_em_geral/mercadolivre/data/raw/185-55-r16/pneu-185-55-r16-dunlop-enasave_20250808_120032.csv"
dunlop|185/60R14,dunlop,,185/60R14,6,"magazineluiza,mercadolivre",526.71,675.97,568.98,552.8,539.755,614.385,552.8,"user/Desktop/Precificação_AI/Scraper_em_geral/MagazineLuiza/data/raw/185-60-r14/pneu-18560r14-dunlop-lm704_20250807_150951.json,user/Desktop/Precificação_AI/Scraper_em_geral/MagazineLuiza/data/raw/185-60-r14/pneu-18560r14-dunlop-lm704_20250808_144456.csv,user/Desktop/Precificação_AI/Scraper_em_geral/mercadolivre/data/raw/185-60-r14/pneu-185-60-r14-dunlop-lm704_20250808_120309.csv"
dunlop|185/60R15,dunlop,,185/60R15,2,mercadolivre,529.99,589.99,559.99,559.99,535.99,583.99,,user/Desktop/Precificação_AI/Scraper_em_geral/mercadolivre/data/raw/185-60-r15/pneu-185-60-r15-dunlop-fm800_20250808_120748.csv
dunlop|185/65R14,dunlop,,185/65R14,5,mercadolivre,516.54,581.01,555.4540000000001,558.7,528.652,578.2860000000001,559.9066666666666,user/Desktop/Precificação_AI/Scraper_em_geral/mercadolivre/data/raw/185-65-r14/pneu-185-65-r14-dunlop-sp-touring_20250808_121940.csv
dunlop|185/70R13,dunlop,,185/70R13,2,"magazineluiza,mercadolivre",450.34,479.99,465.16499999999996,465.16499999999996,453.30499999999995,477.02500000000003,,"user/Desktop/Precificação_AI/Scraper_em_geral/MagazineLuiza/data/raw/185-70-r13/pneu-185-70-r13-dunlop-touring_20250804_152418.json,user/Desktop/Precificação_AI/Scraper_em_geral/mercadolivre/data/raw/185-70-r13/pneu-185-70-r13-dunlop-touring_20250808_123103.csv"
dunlop|185/70R14,dunlop,,185/70R14,7,mercadolivre,536.53,634.33,604.3885714285715,629.38,539.056,633.5020000000001,611.972,user/Desktop/Precificação_AI/Scraper_em_geral/mercadolivre/data/raw/185-70-r14/pneu-185-70-r14-dunlop-sp-touring_20250808_124003.csv
dunlop|195/50R15,dunlop,,195/50R15,5,magazineluiza,590.2,590.2,590.2,590.2,590.2,590.2,590.2,user/Desktop/Precificação_AI/Scraper_em_geral/MagazineLuiza/data/raw/195-50-r15/pneu-195-50-r15-dunlop-dz102_20250804_165937.json
dunlop|195/50R16,dunlop,,195/50R16,64,"magazineluiza,mercadolivre",555.44,1122.0,682.7395312499999,667.835,583.3050000000001,804.1100000000001,673.469,"user/Desktop/Precificação_AI/Scraper_em_geral/MagazineLuiza/data/raw/195-50-r16/pneu-195-50-r16-dunlop-direza-dz-102_20250805_094740.json,user/Desktop/Precificação_AI/Scraper_em_geral/MagazineLuiza/data/raw/195-50-r16/pneu-19550r16-dunlop-direzza_20250807_161734.json,user/Desktop/Precificação_AI/Scraper_em_geral/MagazineLuiza/data/raw/195-50-r16/pneu-19550r16-dunlop-direzza_20250808_160420.csv,user/Desktop/Precificação_AI/Scraper_em_geral/mercadolivre/data/raw/195-50-r16/pneu-195-50-r16-dunlop-direzza_20250808_124409.csv"
dunlop|195/55R15,dunlop,,195/55R15,34,"magazineluiza,mercadolivre",503.5,683.61,591.8129411764705,586.78,515.126,660.74,592.2276923076922,"user/Desktop/Precificação_AI/Scraper_em_geral/MagazineLuiza/data/raw/195-55-r15/pneu-195-55-r15-dunlop-fm-800_20250805_103259.json,user/Desktop/Precificação_AI/Scraper_em_geral/MagazineLuiza/data/raw/195-55-r15/pneu-19555r15-dunlop_20250807_163007.json,user/Desktop/Precificação_AI/Scraper_em_geral/MagazineLuiza/data/raw/195-55-r15/pneu-19555r15-dunlop_20250808_161840.csv,user/Desktop/Precificação_AI/Scraper_em_geral/mercadolivre/data/raw/195-55-r15/pneu-195-55-r15-dunlop-fm800_20250808_125636.csv,user/Desktop/Precificação_AI/Scraper_em_geral/mercadolivre/data/raw/195-55-r15/pneu-195-55-r15-dunlop_20250808_125500.csv"
dunlop|195/60R15,dunlop,,195/60R15,1,mercadolivre,576.17,576.17,576.17,576.17,576.17,576.17,576.17,user/Desktop/Precificação_AI/Scraper_em_geral/mercadolivre/data/raw/195-60-r15/pneu-195-60-r15-dunlop-fm800_20250808_131539.csv
dunlop|205/45R17,dunlop,,205/45R17,2,magazineluiza,660.01,660.01,660.01,660.01,660.01,660.01,660.01,user/Desktop/Precificação_AI/Scraper_em_geral/MagazineLuiza/data/raw/205-45-r17/pneu-20545r17-dunlop-dz10_20250808_085909.json
dunlop|205/50R17,dunlop,,205/50R17,3,mercadolivre,75.0,999.0,408.0,150.0,90.0,829.2,150.0,user/Desktop/Precificação_AI/Scraper_em_geral/mercadolivre/data/raw/205-50-r17/pneu-205-50-r17-dunlop-fm800_20250808_133630.csv
dunlop|205/55R16,dunlop,,205/55R16,5,magazineluiza,459.0,619.94,533.816,485.1,469.44,619.94,552.52,"user/Desktop/Precificação_AI/Scraper_em_geral/MagazineLuiza/data/raw/205-55-r16/pneu-20555r16-dunlop-enasave_20250808_093200.json,user/Desktop/Precificação_AI/Scraper_em_geral/MagazineLuiza/data/raw/205-55-r16/pneu-20555r16-dunlop-fm800_20250808_092116.json"
dunlop|205/60R15,dunlop,,205/60R15,1,mercadolivre,758.0,758.0,758.0,758.0,758.0,758.0,758.0,user/Desktop/Precificação_AI/Scraper_em_geral/mercadolivre/data/raw/205-60-r15/pneu-205-60-r15-dunlop-fm800_20250808_135719.csv
dunlop|205/60R16,dunlop,,205/60R16,34,"magazineluiza,mercadolivre",605.64,2000.0,841.6329411764705,774.16,707.216,968.8349999999999,806.74,"user/Desktop/Precificação_AI/Scraper_em_geral/MagazineLuiza/data/raw/205-60-r16/pneu-20560r16-dunlop-enasave_20250808_095657.json,user/Desktop/Precificação_AI/Scraper_em_geral/MagazineLuiza/data/raw/205-60-r16/pneu-20560r16-dunlop-grandtrek_20250808_100247.json,user/Desktop/Precificação_AI/Scraper_em_geral/mercadolivre/data/raw/205-60-r16/pneu-205-60-r16-dunlop-enasave_20250808_140259.csv"
dunlop|205/70R15,dunlop,,205/70R15,24,mercadolivre,629.68,874.51,757.5429166666667,760.53,647.923,827.831,763.0316666666668,user/Desktop/Precificação_AI/Scraper_em_geral/mercadolivre/data/raw/205-70-r15/pneu-205-70-r15-dunlop-grandtrek_20250808_141901.csv
dunlop|215/50R17,dunlop,,215/50R17,1,mercadolivre,715.0,715.0,715.0,715.0,715.0,715.0,715.0,user/Desktop/Precificação_AI/Scraper_em_geral/mercadolivre/data/raw/215-50-r17/pneu-215-50r17-dunlop-fm800_20250808_103711.csv
dunlop|195/55R15|15 195/55r15,dunlop,15 195/55r15,195/55R15,22,mercadolivre,488.7,670.28,603.5727272727273,587.99,583.23,670.28,612.0400000000001,"user/Desktop/Precificação_AI/Scraper_em_geral/mercadolivre/data/raw/195-55-r15/pneu-195-55-r15-dunlop_20250811_144349.csv,user/Desktop/Precificação_AI/Scraper_em_geral/mercadolivre/data/raw/195-55-r15/pneu-195-55-r15-dunlop_20250814_154437.csv"
dunlop|195/55R15|195/55r15 85v,dunlop,195/55r15 85v,195/55R15,2,mercadolivre,586.85,586.85,586.85,586.85,586.85,586.85,586.85,"user/Desktop/Precificação_AI/Scraper_em_geral/mercadolivre/data/raw/195-55-r15/pneu-195-55-r15-dunlop_20250811_144349.csv,user/Desktop/Precificação_AI/Scraper_em_geral/mercadolivre/data/raw/195-55-r15/pneu-195-55-r15-dunlop_20250814_154437.csv"
dunlop|175/70R14|assurance,dunlop,assurance,175/70R14,1,pneustore,439.9,439.9,439.9,439.9,439.9,439.9,439.9,user/Desktop/Precificação_AI/Scraper_em_geral/pneustore/dados/raw/175-70-r14/pneu-17570r14-dunlop-grandtrek_20250811_134415.csv
dunlop|175/70R14|assurance maxlife,dunlop,assurance maxlife,175/70R14,1,pneustore,454.57,454.57,454.57,454.57,454.57,454.57,454.57,user/Desktop/Precificação_AI/Scraper_em_geral/pneustore/dados/raw/175-70-r14/pneu-17570r14-dunlop-grandtrek_20250811_134415.csv
dunlop|195/55R15|bc20,dunlop,bc20,195/55R15,31,"magazineluiza,mercadolivre",459.99,492.2,464.14612903225805,459.99,459.99,492.2,464.14612903225805,"user/Desktop/Precificação_AI/Scraper_em_geral/MagazineLuiza/data/raw/195-55-r15/pneu-19555r15-dunlop_20250807_163007.json,user/Desktop/Precificação_AI/Scraper_em_geral/MagazineLuiza/data/raw/195-55-r15/pneu-19555r15-dunlop_20250808_161840.csv,user/Desktop/Precificação_AI/Scraper_em_geral/MagazineLuiza/data/raw/195-55-r15/pneu-19555r15-dunlop_20250811_153519.csv,user/Desktop/Precificação_AI/Scraper_em_geral/mercadolivre/data/raw/195-55-r15/pneu-195-55-r15-dunlop_20250808_125500.csv,user/Desktop/Precificação_AI/Scraper_em_geral/mercadolivre/data/raw/195-55-r15/pneu-195-55-r15-dunlop_20250811_144349.csv,user/Desktop/Precificação_AI/Scraper_em_geral/mercadolivre/data/raw/195-55-r15/pneu-195-55-r15-dunlop_20250814_154437.csv"
dunlop|195/50R16|cinturato p7,dunlop,cinturato p7,195/50R16,1,pneustore,615.9,615.9,615.9,615.9,615.9,615.9,615.9,user/Desktop/Precificação_AI/Scraper_em_geral/pneustore/dados/raw/195-50-r16/pneu-19550r16-dunlop-direzza_20250811_153519.csv
dunlop|205/55R16|cinturato p7,dunlop,cinturato p7,205/55R16,1,pneustore,557.23,557.23,557.23,557.23,557.23,557.23,557.23,user/Desktop/Precificação_AI/Scraper_em_geral/pneustore/dados/raw/205-55-r16/pneu-20555r16-dunlop-enasave_20250811_182746.csv
dunlop|205/60R16|cinturato p7,dunlop,cinturato p7,205/60R16,1,pneustore,557.23,557.23,557.23,557.23,557.23,557.23,557.23,user/Desktop/Precificação_AI/Scraper_em_geral/pneustore/dados/raw/205-60-r16/pneu-20560r16-dunlop-enasave_20250811_185543.csv
dunlop|195/50R16|direzza,dunlop,direzza,195/50R16,74,mercadolivre,533.0,1122.0,678.9247297297297,658.01,593.35,772.2680000000001,665.6499999999999,"user/Desktop/Precificação_AI/Scraper_em_geral/mercadolivre/data/raw/195-50-r16/pneu-195-50-r16-dunlop-direzza_20250811_142844.csv,user/Desktop/Precificação_AI/Scraper_em_geral/mercadolivre/data/raw/195-50-r16/pneu-195-50-r16-dunlop-direzza_20250814_153113.csv"
dunlop||direzza,dunlop,direzza,,2,mercadolivre,349.0,349.0,349.0,349.0,349.0,349.0,349.0,"user/Desktop/Precificação_AI/Scraper_em_geral/mercadolivre/data/raw/195-50-r16/pneu-195-50-r16-dunlop-direzza_20250811_142844.csv,user/Desktop/Precificação_AI/Scraper_em_geral/mercadolivre/data/raw/195-50-r16/pneu-195-50-r16-dunlop-direzza_20250814_153113.csv"
dunlop|195/55R15|direzza dz102,dunlop,direzza dz102,195/55R15,4,mercadolivre,597.08,638.48,617.78,617.78,597.08,638.48,617.78,"user/Desktop/Precificação_AI/Scraper_em_geral/mercadolivre/data/raw/195-55-r15/pneu-195-55-r15-dunlop_20250811_144349.csv,user/Desktop/Precificação_AI/Scraper_em_geral/mercadolivre/data/raw/195-55-r15/pneu-195-55-r15-dunlop_20250814_154437.csv"
dunlop|185/55R16|eagle,dunlop,eagle,185/55R16,1,pneustore,606.13,606.13,606.13,606.13,606.13,606.13,606.13,user/Desktop/Precificação_AI/Scraper_em_geral/pneustore/dados/raw/185-55-r16/pneu-18555r16-dunlop-enasave_20250811_140452.csv
dunlop|175/70R14|efficientgrip,dunlop,efficientgrip,175/70R14,1,pneustore,498.57,498.57,498.57,498.57,498.57,498.57,498.57,user/Desktop/Precificação_AI/Scraper_em_geral/pneustore/dados/raw/175-70-r14/pneu-17570r14-dunlop-grandtrek_20250811_134415.csv
dunlop|185/55R16|efficientgrip,dunlop,efficientgrip,185/55R16,1,pneustore,684.35,684.35,684.35,684.35,684.35,684.35,684.35,user/Desktop/Precificação_AI/Scraper_em_geral/pneustore/dados/raw/185-55-r16/pneu-18555r16-dunlop-enasave_20250811_140452.csv
dunlop|205/55R16|efficientgrip,dunlop,efficientgrip,205/55R16,1,pneustore,576.79,576.79,576.79,576.79,576.79,576.79,576.79,user/Desktop/Precificação_AI/Scraper_em_geral/pneustore/dados/raw/205-55-r16/pneu-20555r16-dunlop-enasave_20250811_182746.csv
dunlop|215/60R17|efficientgrip,dunlop,efficientgrip,215/60R17,2,pneustore,801.68,806.57,804.125,804.125,802.169,806.081,,user/Desktop/Precificação_AI/Scraper_em_geral/pneustore/dados/raw/215-60-r17/pneu-21560r17-dunlop-grandtrek_20250811_201426.csv
dunlop|185/55R16|enasave,dunlop,enasave,185/55R16,44,mercadolivre,150.0,858.0,663.5259090909092,746.16,180.0,815.82,697.8650000000001,"user/Desktop/Precificação_AI/Scraper_em_geral/mercadolivre/data/raw/185-55-r16/pneu-185-55-r16-dunlop-enasave_20250811_133000.csv,user/Desktop/Precificação_AI/Scraper_em_geral/mercadolivre/data/raw/185-55-r16/pneu-185-55-r16-dunlop-enasave_20250814_143750.csv"
dunlop|205/55R16|enasave,dunlop,enasave,205/55R16,39,mercadolivre,538.45,697.82,604.8217948717949,589.99,559.99,680.992,600.4578125,user/Desktop/Precificação_AI/Scraper_em_geral/mercadolivre/data/raw/205-55-r16/pneu-205-55-r16-dunlop-enasave_20250811_160146.csv
dunlop|205/60R16|enasave,dunlop,enasave,205/60R16,28,mercadolivre,349.99,2000.0,826.8817857142858,797.39,671.9929999999999,926.653,809.6836363636364,user/Desktop/Precificação_AI/Scraper_em_geral/mercadolivre/data/raw/205-60-r16/pneu-205-60-r16-dunlop-enasave_20250811_162521.csv
dunlop||enasave,dunlop,enasave,,9,mercadolivre,160.0,660.0,454.44444444444446,526.0,160.0,660.0,454.44444444444446,"user/Desktop/Precificação_AI/Scraper_em_geral/mercadolivre/data/raw/185-55-r16/pneu-185-55-r16-dunlop-enasave_20250811_133000.csv,user/Desktop/Precificação_AI/Scraper_em_geral/mercadolivre/data/raw/185-55-r16/pneu-185-55-r16-dunlop-enasave_20250814_143750.csv,user/Desktop/Precificação_AI/Scraper_em_geral/mercadolivre/data/raw/205-55-r16/pneu-205-55-r16-dunlop-enasave_20250811_160146.csv"
dunlop||enasave ec300,dunlop,enasave ec300,,5,"magazineluiza,mercadolivre",260.0,570.86,490.004,570.86,346.976,570.86,547.505,"user/Desktop/Precificação_AI/Scraper_em_geral/MagazineLuiza/data/raw/185-55-r16/pneu-18555r16-dunlop-enasave_20250807_150220.json,user/Desktop/Precificação_AI/Scraper_em_geral/MagazineLuiza/data/raw/185-55-r16/pneu-18555r16-dunlop-enasave_20250808_143721.csv,user/Desktop/Precificação_AI/Scraper_em_geral/MagazineLuiza/data/raw/205-55-r16/pneu-20555r16-dunlop-enasave_20250808_093200.json,user/Desktop/Precificação_AI/Scraper_em_geral/mercadolivre/data/raw/205-55-r16/pneu-205-55-r16-dunlop-enasave_20250808_134721.csv"
dunlop|185/55R16|enasave ec300,dunlop,enasave ec300,185/55R16,55,"magazineluiza,mercadolivre",150.0,858.0,684.562909090909,709.33,607.824,818.74,714.5500000000001,"user/Desktop/Precificação_AI/Scraper_em_geral/MagazineLuiza/data/raw/185-55-r16/pneu-185-55-r16-dunlop-enasave-ec300-mv_20250804_105404.json,user/Desktop/Precificação_AI/Scraper_em_geral/MagazineLuiza/data/raw/185-55-r16/pneu-18555r16-dunlop-enasave_20250807_150220.json,user/Desktop/Precificação_AI/Scraper_em_geral/MagazineLuiza/data/raw/185-55-r16/pneu-18555r16-dunlop-enasave_20250808_143721.csv,user/Desktop/Precificação_AI/Scraper_em_geral/MagazineLuiza/data/raw/185-55-r16/pneu-18555r16-dunlop-enasave_20250811_133255.csv,user/Desktop/Precificação_AI/Scraper_em_geral/MagazineLuiza/data/raw/185-55-r16/pneu-18555r16-dunlop-enasave_20250814_123227.csv,user/Desktop/Precificação_AI/Scraper_em_geral/mercadolivre/data/raw/185-55-r16/pneu-185-55-r16-dunlop-enasave_20250808_120032.csv"
dunlop|195/65R15|enasave ec300,dunlop,enasave ec300,195/65R15,2,magazineluiza,800.99,800.99,800.99,800.99,800.99,800.99,800.99,user/Desktop/Precificação_AI/Scraper_em_geral/MagazineLuiza/data/raw/195-65-r15/pneu-19565r15-dunlop-fm800_20250808_083711.json
dunlop|205/55R16|enasave ec300,dunlop,enasave ec300,205/55R16,63,"magazineluiza,mercadolivre",477.44,723.04,613.5103174603175,589.99,559.99,696.254,609.5120000000001,"user/Desktop/Precificação_AI/Scraper_em_geral/MagazineLuiza/data/raw/205-55-r16/pneu-20555r16-dunlop-enasave_20250808_093200.json,user/Desktop/Precificação_AI/Scraper_em_geral/MagazineLuiza/data/raw/205-55-r16/pneu-20555r16-dunlop-enasave_20250811_182103.csv,user/Desktop/Precificação_AI/Scraper_em_geral/MagazineLuiza/data/raw/205-55-r16/pneu-20555r16-dunlop-enasave_20250814_135719.csv,user/Desktop/Precificação_AI/Scraper_em_geral/mercadolivre/data/raw/205-55-r16/pneu-205-55-r16-dunlop-enasave_20250808_134721.csv"
dunlop||fm800,dunlop,fm800,,12,magazineluiza,441.58,576.8,474.36416666666656,458.77,441.734,566.465,456.95124999999996,"user/Desktop/Precificação_AI/Scraper_em_geral/MagazineLuiza/data/raw/185-55-r16/pneu-18555r16-dunlop-fm800_20250807_150529.json,user/Desktop/Precificação_AI/Scraper_em_geral/MagazineLuiza/data/raw/185-55-r16/pneu-18555r16-dunlop-fm800_20250808_144113.csv,user/Desktop/Precificação_AI/Scraper_em_geral/MagazineLuiza/data/raw/185-60-r15/pneu-185-60-r15-dunlop-fm800_20250804_133432.json,user/Desktop/Precificação_AI/Scraper_em_geral/MagazineLuiza/data/raw/185-60-r15/pneu-18560r15-dunlop-fm800_20250807_151738.json,user/Desktop/Precificação_AI/Scraper_em_geral/MagazineLuiza/data/raw/185-60-r15/pneu-18560r15-dunlop-fm800_20250808_145541.csv,user/Desktop/Precificação_AI/Scraper_em_geral/MagazineLuiza/data/raw/195-55-r15/pneu-195-55-r15-dunlop-fm-800_20250805_103259.json,user/Desktop/Precificação_AI/Scraper_em_geral/MagazineLuiza/data/raw/195-55-r15/pneu-19555r15-dunlop-fm800_20250807_163430.json,user/Desktop/Precificação_AI/Scraper_em_geral/MagazineLuiza/data/raw/195-55-r15/pneu-19555r15-dunlop-fm800_20250808_162302.csv,user/Desktop/Precificação_AI/Scraper_em_geral/MagazineLuiza/data/raw/195-55-r16/pneu-19555r16-dunlop-fm800_20250808_164611.csv"
dunlop|185/55R16|fm800,dunlop,fm800,185/55R16,68,"magazineluiza,mercadolivre",190.0,811.0,678.2673529411766,701.93,593.16,762.06,691.8833928571429,"user/Desktop/Precificação_AI/Scraper_em_geral/MagazineLuiza/data/raw/185-55-r16/pneu-18555r16-dunlop-fm800_20250807_150529.json,user/Desktop/Precificação_AI/Scraper_em_geral/MagazineLuiza/data/raw/185-55-r16/pneu-18555r16-dunlop-fm800_20250808_144113.csv,user/Desktop/Precificação_AI/Scraper_em_geral/MagazineLuiza/data/raw/185-55-r16/pneu-18555r16-dunlop-fm800_20250811_133645.csv,user/Desktop/Precificação_AI/Scraper_em_geral/MagazineLuiza/data/raw/185-55-r16/pneu-18555r16-dunlop-fm800_20250814_123423.csv,user/Desktop/Precificação_AI/Scraper_em_geral/mercadolivre/data/raw/185-55-r16/pneu-185-55-r16-dunlop-fm800_20250808_120126.csv,user/Desktop/Precificação_AI/Scraper_em_geral/mercadolivre/data/raw/185-55-r16/pneu-185-55-r16-dunlop-fm800_20250811_133256.csv,user/Desktop/Precificação_AI/Scraper_em_geral/mercadolivre/data/raw/185-55-r16/pneu-185-55-r16-dunlop-fm800_20250814_143924.csv"
dunlop|185/60R15|fm800,dunlop,fm800,185/60R15,99,"magazineluiza,mercadolivre,pneustore",254.13,759.81,576.2342424242424,586.0,492.9,654.41,586.86075,"user/Desktop/Precificação_AI/Scraper_em_geral/MagazineLuiza/data/raw/185-60-r15/pneu-185-60-r15-dunlop-fm800_20250804_133432.json,user/Desktop/Precificação_AI/Scraper_em_geral/MagazineLuiza/data/raw/185-60-r15/pneu-18560r15-dunlop-fm800_20250807_151738.json,user/Desktop/Precificação_AI/Scraper_em_geral/MagazineLuiza/data/raw/185-60-r15/pneu-18560r15-dunlop-fm800_20250808_145541.csv,user/Desktop/Precificação_AI/Scraper_em_geral/MagazineLuiza/data/raw/185-60-r15/pneu-18560r15-dunlop-fm800_20250811_134955.csv,user/Desktop/Precificação_AI/Scraper_em_geral/MagazineLuiza/data/raw/185-60-r15/pneu-18560r15-dunlop-fm800_20250814_124041.csv,user/Desktop/Precificação_AI/Scraper_em_geral/mercadolivre/data/raw/185-60-r15/pneu-185-60-r15-dunlop-fm800_20250808_120748.csv,user/Desktop/Precificação_AI/Scraper_em_geral/mercadolivre/data/raw/185-60-r15/pneu-185-60-r15-dunlop-fm800_20250811_134153.csv,user/Desktop/Precificação_AI/Scraper_em_geral/mercadolivre/data/raw/185-60-r15/pneu-185-60-r15-dunlop-fm800_20250814_144822.csv,user/Desktop/Precificação_AI/Scraper_em_geral/pneustore/dados/raw/185-60-r15/pneu-18560r15-dunlop-fm800_20250811_142314.csv"
dunlop|185/65R15|fm800,dunlop,fm800,185/65R15,98,"magazineluiza,mercadolivre,pneustore",150.0,759.81,507.74632653061224,514.42,395.0,645.087,513.7987341772151,"user/Desktop/Precificação_AI/Scraper_em_geral/MagazineLuiza/data/raw/185-65-r15/pneu-185-65-r15-dunlop-fm800_20250804_152216.json,user/Desktop/Precificação_AI/Scraper_em_geral/MagazineLuiza/data/raw/185-65-r15/pneu-18565r15-dunlop-fm800_20250807_155334.json,user/Desktop/Precificação_AI/Scraper_em_geral/MagazineLuiza/data/raw/185-65-r15/pneu-18565r15-dunlop-fm800_20250808_153345.csv,user/Desktop/Precificação_AI/Scraper_em_geral/MagazineLuiza/data/raw/185-65-r15/pneu-18565r15-dunlop-fm800_20250811_143357.csv,user/Desktop/Precificação_AI/Scraper_em_geral/MagazineLuiza/data/raw/185-65-r15/pneu-18565r15-dunlop-fm800_20250814_130027.csv,user/Desktop/Precificação_AI/Scraper_em_geral/mercadolivre/data/raw/185-65-r15/pneu-185-65-r15-dunlop-fm800_20250808_122837.csv,user/Desktop/Precificação_AI/Scraper_em_geral/mercadolivre/data/raw/185-65-r15/pneu-185-65-r15-dunlop-fm800_20250811_140808.csv,user/Desktop/Precificação_AI/Scraper_em_geral/mercadolivre/data/raw/185-65-r15/pneu-185-65-r15-dunlop-fm800_20250814_151245.csv,user/Desktop/Precificação_AI/Scraper_em_geral/pneustore/dados/raw/185-65-r15/pneu-18565r15-dunlop-fm800_20250811_150110.csv"
dunlop|195/55R15|fm800,dunlop,fm800,195/55R15,86,"magazineluiza,mercadolivre,pneustore",250.0,720.69,514.8554651162792,536.67,422.91,602.39,511.93178082191787,"user/Desktop/Precificação_AI/Scraper_em_geral/MagazineLuiza/data/raw/195-55-r15/pneu-195-55-r15-dunlop-fm-800_20250805_103259.json,user/Desktop/Precificação_AI/Scraper_em_geral/MagazineLuiza/data/raw/195-55-r15/pneu-19555r15-dunlop-fm800_20250807_163430.json,user/Desktop/Precificação_AI/Scraper_em_geral/MagazineLuiza/data/raw/195-55-r15/pneu-19555r15-dunlop-fm800_20250808_162302.csv,user/Desktop/Precificação_AI/Scraper_em_geral/MagazineLuiza/data/raw/195-55-r15/pneu-19555r15-dunlop-fm800_20250811_154316.csv,user/Desktop/Precificação_AI/Scraper_em_geral/MagazineLuiza/data/raw/195-55-r15/pneu-19555r15-dunlop-fm800_20250814_131203.csv,user/Desktop/Precificação_AI/Scraper_em_geral/mercadolivre/data/raw/195-55-r15/pneu-195-55-r15-dunlop-fm800_20250811_144546.csv,user/Desktop/Precificação_AI/Scraper_em_geral/mercadolivre/data/raw/195-55-r15/pneu-195-55-r15-dunlop-fm800_20250814_154639.csv,user/Desktop/Precificação_AI/Scraper_em_geral/mercadolivre/data/raw/195-55-r15/pneu-195-55-r15-dunlop_20250811_144349.csv,user/Desktop/Precificação_AI/Scraper_em_geral/mercadolivre/data/raw/195-55-r15/pneu-195-55-r15-dunlop_20250814_154437.csv,user/Desktop/Precificação_AI/Scraper_em_geral/pneustore/dados/raw/195-55-r15/pneu-19555r15-dunlop-fm800_20250811_160906.csv"
dunlop|195/55R16|fm800,dunlop,fm800,195/55R16,27,"magazineluiza,mercadolivre,pneustore",441.58,750.16,660.4777777777779,684.99,441.58,728.98,653.3032,"user/Desktop/Precificação_AI/Scraper_em_geral/MagazineLuiza/data/raw/195-55-r16/pneu-19555r16-dunlop-fm800_20250808_164611.csv,user/Desktop/Precificação_AI/Scraper_em_geral/MagazineLuiza/data/raw/195-55-r16/pneu-19555r16-dunlop-fm800_20250811_162211.csv,user/Desktop/Precificação_AI/Scraper_em_geral/MagazineLuiza/data/raw/195-55-r16/pneu-19555r16-dunlop-fm800_20250814_131928.csv,user/Desktop/Precificação_AI/Scraper_em_geral/mercadolivre/data/raw/195-55-r16/pneu-195-55-r16-dunlop-fm800_20250808_130621.csv,user/Desktop/Precificação_AI/Scraper_em_geral/mercadolivre/data/raw/195-55-r16/pneu-195-55-r16-dunlop-fm800_20250811_145955.csv,user/Desktop/Precificação_AI/Scraper_em_geral/mercadolivre/data/raw/195-55-r16/pneu-195-55-r16-dunlop-fm800_20250814_155904.csv,user/Desktop/Precificação_AI/Scraper_em_geral/pneustore/dados/raw/195-55-r16/pneu-19555r16-dunlop-fm800_20250811_165049.csv"
dunlop|195/60R15|fm800,dunlop,fm800,195/60R15,82,"magazineluiza,mercadolivre,pneustore",356.79,620.33,531.2489024390244,552.58,441.66,600.295,534.05,"user/Desktop/Precificação_AI/Scraper_em_geral/MagazineLuiza/data/raw/195-60-r15/pneu-19560r15-dunlop-fm800_20250811_165117.csv,user/Desktop/Precificação_AI/Scraper_em_geral/MagazineLuiza/data/raw/195-60-r15/pneu-19560r15-dunlop-fm800_20250814_132351.csv,user/Desktop/Precificação_AI/Scraper_em_geral/mercadolivre/data/raw/195-60-r15/pneu-195-60-r15-dunlop-fm800_20250808_131539.csv,user/Desktop/Precificação_AI/Scraper_em_geral/mercadolivre/data/raw/195-60-r15/pneu-195-60-r15-dunlop-fm800_20250811_151212.csv,user/Desktop/Precificação_AI/Scraper_em_geral/mercadolivre/data/raw/195-60-r15/pneu-195-60-r15-dunlop-fm800_20250814_161008.csv,user/Desktop/Precificação_AI/Scraper_em_geral/pneustore/dados/raw/195-60-r15/pneu-19560r15-dunlop-fm800_20250811_170829.csv"
dunlop|195/65R15|fm800,dunlop,fm800,195/65R15,30,"magazineluiza,mercadolivre,pneustore",366.57,699.09,598.2590000000001,618.16,518.274,675.423,608.645,"user/Desktop/Precificação_AI/Scraper_em_geral/MagazineLuiza/data/raw/195-65-r15/pneu-19565r15-dunlop-fm800_20250808_083711.json,user/Desktop/Precificação_AI/Scraper_em_geral/MagazineLuiza/data/raw/195-65-r15/pneu-19565r15-dunlop-fm800_20250811_170810.csv,user/Desktop/Precificação_AI/Scraper_em_geral/MagazineLuiza/data/raw/195-65-r15/pneu-19565r15-dunlop-fm800_20250814_132915.csv,user/Desktop/Precificação_AI/Scraper_em_geral/mercadolivre/data/raw/195-65-r15/pneu-195-65-r15-dunlop-fm800_20250811_152018.csv,user/Desktop/Precificação_AI/Scraper_em_geral/mercadolivre/data/raw/195-65-r15/pneu-195-65-r15-dunlop-fm800_20250814_161516.csv,user/Desktop/Precificação_AI/Scraper_em_geral/pneustore/dados/raw/195-65-r15/pneu-19565r15-dunlop-fm800_20250811_172200.csv"
dunlop|205/50R17|fm800,dunlop,fm800,205/50R17,34,"mercadolivre,pneustore",75.0,1515.46,753.3635294117647,805.345,219.36900000000009,1037.0,787.7037037037037,"user/Desktop/Precificação_AI/Scraper_em_geral/mercadolivre/data/raw/205-50-r17/pneu-205-50-r17-dunlop-fm800_20250811_154417.csv,user/Desktop/Precificação_AI/Scraper_em_geral/mercadolivre/data/raw/205-50-r17/pneu-205-50-r17-dunlop-fm800_20250814_163405.csv,user/Desktop/Precificação_AI/Scraper_em_geral/pneustore/dados/raw/205-50-r17/pneu-20550r17-dunlop-fm800_20250811_180141.csv"
dunlop|205/55R16|fm800,dunlop,fm800,205/55R16,40,"magazineluiza,mercadolivre,pneustore",485.1,1075.46,646.5935000000001,652.57,533.61,697.49,644.219393939394,"user/Desktop/Precificação_AI/Scraper_em_geral/MagazineLuiza/data/raw/205-55-r16/pneu-20555r16-dunlop-fm800_20250811_180555.csv,user/Desktop/Precificação_AI/Scraper_em_geral/MagazineLuiza/data/raw/205-55-r16/pneu-20555r16-dunlop-fm800_20250814_135042.csv,user/Desktop/Precificação_AI/Scraper_em_geral/mercadolivre/data/raw/205-55-r16/pneu-205-55-r16-dunlop-fm800_20250811_155301.csv,user/Desktop/Precificação_AI/Scraper_em_geral/mercadolivre/data/raw/205-55-r16/pneu-205-55-r16-dunlop-fm800_20250814_163957.csv,user/Desktop/Precificação_AI/Scraper_em_geral/pneustore/dados/raw/205-55-r16/pneu-20555r16-dunlop-fm800_20250811_181914.csv"
dunlop|205/60R15|fm800,dunlop,fm800,205/60R15,37,"magazineluiza,mercadolivre,pneustore",293.23,850.57,599.6300000000001,609.9,416.438,731.2199999999999,604.1306896551725,"user/Desktop/Precificação_AI/Scraper_em_geral/MagazineLuiza/data/raw/205-60-r15/pneu-20560r15-dunlop-fm800_20250811_184209.csv,user/Desktop/Precificação_AI/Scraper_em_geral/MagazineLuiza/data/raw/205-60-r15/pneu-20560r15-dunlop-fm800_20250814_140904.csv,user/Desktop/Precificação_AI/Scraper_em_geral/mercadolivre/data/raw/205-60-r15/pneu-205-60-r15-dunlop-fm800_20250811_161723.csv,user/Desktop/Precificação_AI/Scraper_em_geral/pneustore/dados/raw/205-60-r15/pneu-20560r15-dunlop-fm800_20250811_184632.csv"
dunlop|215/50R17|fm800,dunlop,fm800,215/50R17,25,"mercadolivre,pneustore",303.01,972.92,730.5031999999999,744.33,563.104,882.878,741.8557894736841,"user/Desktop/Precificação_AI/Scraper_em_geral/mercadolivre/data/raw/215-50-r17/pneu-215-50-r17-dunlop-fm800_20250808_143206.csv,user/Desktop/Precificação_AI/Scraper_em_geral/mercadolivre/data/raw/215-50-r17/pneu-215-50-r17-dunlop-fm800_20250811_171231.csv,user/Desktop/Precificação_AI/Scraper_em_geral/mercadolivre/data/raw/215-50-r17/pneu-215-50r17-dunlop-fm800_20250808_103711.csv,user/Desktop/Precificação_AI/Scraper_em_geral/pneustore/dados/raw/215-50-r17/pneu-21550r17-dunlop-fm800_20250811_195955.csv"
dunlop||fm800,dunlop,fm800,,9,mercadolivre,282.0,749.68,551.1044444444445,629.0,282.0,700.288,526.2825,"user/Desktop/Precificação_AI/Scraper_em_geral/mercadolivre/data/raw/185-60-r15/pneu-185-60-r15-dunlop-fm800_20250811_134153.csv,user/Desktop/Precificação_AI/Scraper_em_geral/mercadolivre/data/raw/185-65-r15/pneu-185-65-r15-dunlop-fm800_20250814_151245.csv,user/Desktop/Precificação_AI/Scraper_em_geral/mercadolivre/data/raw/195-55-r15/pneu-195-55-r15-dunlop-fm800_20250811_144546.csv,user/Desktop/Precificação_AI/Scraper_em_geral/mercadolivre/data/raw/195-55-r15/pneu-195-55-r15-dunlop-fm800_20250814_154639.csv,user/Desktop/Precificação_AI/Scraper_em_geral/mercadolivre/data/raw/205-55-r16/pneu-205-55-r16-dunlop-fm800_20250811_155301.csv,user/Desktop/Precificação_AI/Scraper_em_geral/mercadolivre/data/raw/205-55-r16/pneu-205-55-r16-dunlop-fm800_20250814_163957.csv,user/Desktop/Precificação_AI/Scraper_em_geral/mercadolivre/data/raw/215-50-r17/pneu-215-50-r17-dunlop-fm800_20250811_171231.csv"
dunlop|175/70R14|grandtrek,dunlop,grandtrek,175/70R14,33,mercadolivre,553.0,787.03,654.9730303030302,643.84,576.892,741.978,651.85,"user/Desktop/Precificação_AI/Scraper_em_geral/mercadolivre/data/raw/175-70-r14/pneu-175-70-r14-dunlop-grandtrek_20250811_131716.csv,user/Desktop/Precificação_AI/Scraper_em_geral/mercadolivre/data/raw/175-70-r14/pneu-175-70-r14-dunlop-grandtrek_20250814_142432.csv"
dunlop|205/70R15|grandtrek,dunlop,grandtrek,205/70R15,24,mercadolivre,629.68,874.51,749.2829166666667,760.5,647.923,827.831,752.0183333333333,user/Desktop/Precificação_AI/Scraper_em_geral/mercadolivre/data/raw/205-70-r15/pneu-205-70-r15-dunlop-grandtrek_20250811_165253.csv
dunlop|215/60R17|grandtrek,dunlop,grandtrek,215/60R17,30,mercadolivre,809.01,1084.0,954.4983333333333,951.23,851.393,1031.1000000000001,954.93125,user/Desktop/Precificação_AI/Scraper_em_geral/mercadolivre/data/raw/215-60-r17/pneu-215-60-r17-dunlop-grandtrek_20250811_172658.csv
dunlop||grandtrek,dunlop,grandtrek,,4,mercadolivre,150.0,941.32,385.33000000000004,225.0,165.0,733.9240000000002,225.0,user/Desktop/Precificação_AI/Scraper_em_geral/mercadolivre/data/raw/215-60-r17/pneu-215-60-r17-dunlop-grandtrek_20250811_172658.csv
dunlop||lm704,dunlop,lm704,,2,magazineluiza,439.1,439.1,439.1,439.1,439.1,439.1,439.1,"user/Desktop/Precificação_AI/Scraper_em_geral/MagazineLuiza/data/raw/185-60-r14/pneu-18560r14-dunlop-lm704_20250807_150951.json,user/Desktop/Precificação_AI/Scraper_em_geral/MagazineLuiza/data/raw/185-60-r14/pneu-18560r14-dunlop-lm704_20250808_144456.csv"
dunlop|185/60R14|lm704,dunlop,lm704,185/60R14,99,"magazineluiza,mercadolivre,pneustore",222.88,837.41,462.29464646464646,453.81,320.322,608.68,468.62421686746984,"user/Desktop/Precificação_AI/Scraper_em_geral/MagazineLuiza/data/raw/185-60-r14/pneu-185-60-r14-dunlop-lm704_20250804_103656.json,user/Desktop/Precificação_AI/Scraper_em_geral/MagazineLuiza/data/raw/185-60-r14/pneu-18560r14-dunlop-lm704_20250807_150951.json,user/Desktop/Precificação_AI/Scraper_em_geral/MagazineLuiza/data/raw/185-60-r14/pneu-18560r14-dunlop-lm704_20250808_144456.csv,user/Desktop/Precificação_AI/Scraper_em_geral/MagazineLuiza/data/raw/185-60-r14/pneu-18560r14-dunlop-lm704_20250811_134051.csv,user/Desktop/Precificação_AI/Scraper_em_geral/MagazineLuiza/data/raw/185-60-r14/pneu-18560r14-dunlop-lm704_20250814_123626.csv,user/Desktop/Precificação_AI/Scraper_em_geral/mercadolivre/data/raw/185-60-r14/pneu-185-60-r14-dunlop-lm704_20250811_133444.csv,user/Desktop/Precificação_AI/Scraper_em_geral/mercadolivre/data/raw/185-60-r14/pneu-185-60-r14-dunlop-lm704_20250814_144330.csv,user/Desktop/Precificação_AI/Scraper_em_geral/pneustore/dados/raw/185-60-r14/pneu-18560r14-dunlop-lm704_20250811_141127.csv"
dunlop||lm704,dunlop,lm704,,2,mercadolivre,310.0,668.78,489.39,489.39,345.878,632.902,,user/Desktop/Precificação_AI/Scraper_em_geral/mercadolivre/data/raw/185-60-r14/pneu-185-60-r14-dunlop-lm704_20250814_144330.csv
dunlop|205/60R16|ltx force,dunlop,ltx force,205/60R16,1,pneustore,782.13,782.13,782.13,782.13,782.13,782.13,782.13,user/Desktop/Precificação_AI/Scraper_em_geral/pneustore/dados/raw/205-60-r16/pneu-20560r16-dunlop-enasave_20250811_185543.csv
dunlop|205/70R15|ltx force,dunlop,ltx force,205/70R15,1,pneustore,811.46,811.46,811.46,811.46,811.46,811.46,811.46,user/Desktop/Precificação_AI/Scraper_em_geral/pneustore/dados/raw/205-70-r15/pneu-20570r15-dunlop-grandtrek_20250811_193844.csv
dunlop|175/70R14|p400,dunlop,p400,175/70R14,1,pneustore,391.01,391.01,391.01,391.01,391.01,391.01,391.01,user/Desktop/Precificação_AI/Scraper_em_geral/pneustore/dados/raw/175-70-r14/pneu-17570r14-dunlop-grandtrek_20250811_134415.csv
dunlop|205/55R16|p400,dunlop,p400,205/55R16,1,pneustore,459.46,459.46,459.46,459.46,459.46,459.46,459.46,user/Desktop/Precificação_AI/Scraper_em_geral/pneustore/dados/raw/205-55-r16/pneu-20555r16-dunlop-enasave_20250811_182746.csv
dunlop|175/70R14|powercontact,dunlop,powercontact,175/70R14,1,pneustore,454.9,454.9,454.9,454.9,454.9,454.9,454.9,user/Desktop/Precificação_AI/Scraper_em_geral/pneustore/dados/raw/175-70-r14/pneu-17570r14-dunlop-grandtrek_20250811_134415.csv
dunlop|185/55R16|powercontact,dunlop,powercontact,185/55R16,1,pneustore,569.9,569.9,569.9,569.9,569.9,569.9,569.9,user/Desktop/Precificação_AI/Scraper_em_geral/pneustore/dados/raw/185-55-r16/pneu-18555r16-dunlop-enasave_20250811_140452.csv
dunlop|195/50R16|powercontact,dunlop,powercontact,195/50R16,1,pneustore,619.9,619.9,619.9,619.9,619.9,619.9,619.9,user/Desktop/Precificação_AI/Scraper_em_geral/pneustore/dados/raw/195-50-r16/pneu-19550r16-dunlop-direzza_20250811_153519.csv
dunlop|205/60R16|powercontact,dunlop,powercontact,205/60R16,1,pneustore,629.9,629.9,629.9,629.9,629.9,629.9,629.9,user/Desktop/Precificação_AI/Scraper_em_geral/pneustore/dados/raw/205-60-r16/pneu-20560r16-dunlop-enasave_20250811_185543.csv
dunlop|175/70R14|scorpion,dunlop,scorpion,175/70R14,1,pneustore,537.68,537.68,537.68,537.68,537.68,537.68,537.68,user/Desktop/Precificação_AI/Scraper_em_geral/pneustore/dados/raw/175-70-r14/pneu-17570r14-dunlop-grandtrek_20250811_134415.csv
dunlop|205/60R16|scorpion,dunlop,scorpion,205/60R16,4,pneustore,562.13,899.46,651.3475000000001,571.9,563.594,802.6590000000001,571.9,user/Desktop/Precificação_AI/Scraper_em_geral/pneustore/dados/raw/205-60-r16/pneu-20560r16-dunlop-enasave_20250811_185543.csv
dunlop|215/60R17|scorpion,dunlop,scorpion,215/60R17,4,pneustore,684.35,1104.79,882.3475,870.125,737.1500000000001,1037.323,870.125,user/Desktop/Precificação_AI/Scraper_em_geral/pneustore/dados/raw/215-60-r17/pneu-21560r17-dunlop-grandtrek_20250811_201426.csv
dunlop||sp sport,dunlop,sp sport,,4,"magazineluiza,mercadolivre",282.0,749.68,531.025,546.21,329.328,720.574,546.21,"user/Desktop/Precificação_AI/Scraper_em_geral/MagazineLuiza/data/raw/185-65-r15/pneu-185-65-r15-dunlop-fm800_20250804_152216.json,user/Desktop/Precificação_AI/Scraper_em_geral/mercadolivre/data/raw/205-55-r16/pneu-205-55-r16-dunlop-fm800_20250808_134221.csv,user/Desktop/Precificação_AI/Scraper_em_geral/mercadolivre/data/raw/215-50-r17/pneu-215-50-r17-dunlop-fm800_20250808_143206.csv"
dunlop|185/55R16|sp sport,dunlop,sp sport,185/55R16,14,"magazineluiza,mercadolivre",190.0,779.0,691.0214285714286,721.54,660.589,775.11,731.5181818181818,"user/Desktop/Precificação_AI/Scraper_em_geral/MagazineLuiza/data/raw/185-55-r16/pneu-18555r16-dunlop-fm800_20250807_150529.json,user/Desktop/Precificação_AI/Scraper_em_geral/MagazineLuiza/data/raw/185-55-r16/pneu-18555r16-dunlop-fm800_20250808_144113.csv,user/Desktop/Precificação_AI/Scraper_em_geral/MagazineLuiza/data/raw/185-55-r16/pneu-18555r16-dunlop-fm800_20250811_133645.csv,user/Desktop/Precificação_AI/Scraper_em_geral/MagazineLuiza/data/raw/185-55-r16/pneu-18555r16-dunlop-fm800_20250814_123423.csv,user/Desktop/Precificação_AI/Scraper_em_geral/mercadolivre/data/raw/185-55-r16/pneu-185-55-r16-dunlop-fm800_20250808_120126.csv"
dunlop|185/60R14|sp sport,dunlop,sp sport,185/60R14,13,"magazineluiza,mercadolivre",479.8,561.7,508.5953846153846,493.95,479.8,561.7,508.5953846153846,"user/Desktop/Precificação_AI/Scraper_em_geral/MagazineLuiza/data/raw/185-60-r14/pneu-18560r14-dunlop-lm704_20250807_150951.json,user/Desktop/Precificação_AI/Scraper_em_geral/MagazineLuiza/data/raw/185-60-r14/pneu-18560r14-dunlop-lm704_20250808_144456.csv,user/Desktop/Precificação_AI/Scraper_em_geral/MagazineLuiza/data/raw/185-60-r14/pneu-18560r14-dunlop-lm704_20250811_134051.csv,user/Desktop/Precificação_AI/Scraper_em_geral/MagazineLuiza/data/raw/185-60-r14/pneu-18560r14-dunlop-lm704_20250814_123626.csv,user/Desktop/Precificação_AI/Scraper_em_geral/mercadolivre/data/raw/185-60-r14/pneu-185-60-r14-dunlop-lm704_20250808_120309.csv"
dunlop|185/60R15|sp sport,dunlop,sp sport,185/60R15,56,"magazineluiza,mercadolivre",489.0,780.17,616.2085714285713,623.6800000000001,521.27,741.16,617.6607843137255,"user/Desktop/Precificação_AI/Scraper_em_geral/MagazineLuiza/data/raw/185-60-r15/pneu-185-60-r15-dunlop-fm800_20250804_133432.json,user/Desktop/Precificação_AI/Scraper_em_geral/MagazineLuiza/data/raw/185-60-r15/pneu-18560r15-dunlop-fm800_20250807_151738.json,user/Desktop/Precificação_AI/Scraper_em_geral/MagazineLuiza/data/raw/185-60-r15/pneu-18560r15-dunlop-fm800_20250808_145541.csv,user/Desktop/Precificação_AI/Scraper_em_geral/MagazineLuiza/data/raw/185-60-r15/pneu-18560r15-dunlop-fm800_20250811_134955.csv,user/Desktop/Precificação_AI/Scraper_em_geral/MagazineLuiza/data/raw/185-60-r15/pneu-18560r15-dunlop-fm800_20250814_124041.csv,user/Desktop/Precificação_AI/Scraper_em_geral/mercadolivre/data/raw/185-60-r15/pneu-185-60-r15-dunlop-fm800_20250808_120748.csv"
dunlop|185/65R15|sp sport,dunlop,sp sport,185/65R15,55,"magazineluiza,mercadolivre",150.0,780.17,602.6210909090909,624.33,516.648,738.616,611.543023255814,"user/Desktop/Precificação_AI/Scraper_em_geral/MagazineLuiza/data/raw/185-65-r15/pneu-185-65-r15-dunlop-fm800_20250804_152216.json,user/Desktop/Precificação_AI/Scraper_em_geral/MagazineLuiza/data/raw/185-65-r15/pneu-18565r15-dunlop-fm800_20250807_155334.json,user/Desktop/Precificação_AI/Scraper_em_geral/MagazineLuiza/data/raw/185-65-r15/pneu-18565r15-dunlop-fm800_20250808_153345.csv,user/Desktop/Precificação_AI/Scraper_em_geral/MagazineLuiza/data/raw/185-65-r15/pneu-18565r15-dunlop-fm800_20250811_143357.csv,user/Desktop/Precificação_AI/Scraper_em_geral/MagazineLuiza/data/raw/185-65-r15/pneu-18565r15-dunlop-fm800_20250814_130027.csv,user/Desktop/Precificação_AI/Scraper_em_geral/mercadolivre/data/raw/185-65-r15/pneu-185-65-r15-dunlop-fm800_20250808_122837.csv"
dunlop|195/55R15|sp sport,dunlop,sp sport,195/55R15,43,"magazineluiza,mercadolivre",250.0,736.3,588.0606976744186,606.77,513.244,699.49,603.0122222222222,"user/Desktop/Precificação_AI/Scraper_em_geral/MagazineLuiza/data/raw/195-55-r15/pneu-195-55-r15-dunlop-fm-800_20250805_103259.json,user/Desktop/Precificação_AI/Scraper_em_geral/MagazineLuiza/data/raw/195-55-r15/pneu-19555r15-dunlop-fm800_20250807_163430.json,user/Desktop/Precificação_AI/Scraper_em_geral/MagazineLuiza/data/raw/195-55-r15/pneu-19555r15-dunlop-fm800_20250808_162302.csv,user/Desktop/Precificação_AI/Scraper_em_geral/MagazineLuiza/data/raw/195-55-r15/pneu-19555r15-dunlop-fm800_20250811_154316.csv,user/Desktop/Precificação_AI/Scraper_em_geral/MagazineLuiza/data/raw/195-55-r15/pneu-19555r15-dunlop-fm800_20250814_131203.csv,user/Desktop/Precificação_AI/Scraper_em_geral/MagazineLuiza/data/raw/195-55-r15/pneu-19555r15-dunlop_20250811_153519.csv,user/Desktop/Precificação_AI/Scraper_em_geral/mercadolivre/data/raw/195-55-r15/pneu-195-55-r15-dunlop-fm800_20250808_125636.csv,user/Desktop/Precificação_AI/Scraper_em_geral/mercadolivre/data/raw/195-55-r15/pneu-195-55-r15-dunlop_20250808_125500.csv"
dunlop|195/55R16|sp sport,dunlop,sp sport,195/55R16,20,"magazineluiza,mercadolivre",564.78,762.35,691.1134999999999,717.6,594.35,755.37,694.1744444444444,"user/Desktop/Precificação_AI/Scraper_em_geral/MagazineLuiza/data/raw/195-55-r16/pneu-19555r16-dunlop-fm800_20250808_164611.csv,user/Desktop/Precificação_AI/Scraper_em_geral/MagazineLuiza/data/raw/195-55-r16/pneu-19555r16-dunlop-fm800_20250811_162211.csv,user/Desktop/Precificação_AI/Scraper_em_geral/MagazineLuiza/data/raw/195-55-r16/pneu-19555r16-dunlop-fm800_20250814_131928.csv,user/Desktop/Precificação_AI/Scraper_em_geral/mercadolivre/data/raw/195-55-r16/pneu-195-55-r16-dunlop-fm800_20250808_130621.csv"
dunlop|195/60R15|sp sport,dunlop,sp sport,195/60R15,39,"magazineluiza,mercadolivre",454.38,649.11,568.8197435897437,561.72,520.1,645.31,572.1240625,"user/Desktop/Precificação_AI/Scraper_em_geral/MagazineLuiza/data/raw/195-60-r15/pneu-19560r15-dunlop-fm800_20250811_165117.csv,user/Desktop/Precificação_AI/Scraper_em_geral/MagazineLuiza/data/raw/195-60-r15/pneu-19560r15-dunlop-fm800_20250814_132351.csv,user/Desktop/Precificação_AI/Scraper_em_geral/mercadolivre/data/raw/195-60-r15/pneu-195-60-r15-dunlop-fm800_20250808_131539.csv"
dunlop|195/65R15|sp sport,dunlop,sp sport,195/65R15,36,"magazineluiza,mercadolivre",494.1,712.34,618.7388888888888,653.135,494.1,705.715,607.03875,"user/Desktop/Precificação_AI/Scraper_em_geral/MagazineLuiza/data/raw/195-65-r15/pneu-19565r15-dunlop-fm800_20250808_083711.json,user/Desktop/Precificação_AI/Scraper_em_geral/MagazineLuiza/data/raw/195-65-r15/pneu-19565r15-dunlop-fm800_20250811_170810.csv,user/Desktop/Precificação_AI/Scraper_em_geral/MagazineLuiza/data/raw/195-65-r15/pneu-19565r15-dunlop-fm800_20250814_132915.csv,user/Desktop/Precificação_AI/Scraper_em_geral/mercadolivre/data/raw/195-65-r15/pneu-195-65-r15-dunlop-fm800_20250808_131955.csv"
dunlop|205/50R17|sp sport,dunlop,sp sport,205/50R17,14,"magazineluiza,mercadolivre",399.0,1037.0,820.0407142857142,853.335,738.3679999999999,903.86,847.0618181818182,"user/Desktop/Precificação_AI/Scraper_em_geral/MagazineLuiza/data/raw/205-50-r17/pneu-20550r17-dunlop-fm800_20250808_091014.json,user/Desktop/Precificação_AI/Scraper_em_geral/MagazineLuiza/data/raw/205-50-r17/pneu-20550r17-dunlop-fm800_20250814_134310.csv,user/Desktop/Precificação_AI/Scraper_em_geral/mercadolivre/data/raw/205-50-r17/pneu-205-50-r17-dunlop-fm800_20250808_133630.csv"
dunlop|205/55R16|sp sport,dunlop,sp sport,205/55R16,30,"magazineluiza,mercadolivre",547.89,794.32,674.0979999999998,676.79,566.628,770.16,684.0365384615384,"user/Desktop/Precificação_AI/Scraper_em_geral/MagazineLuiza/data/raw/205-55-r16/pneu-20555r16-dunlop-fm800_20250808_092116.json,user/Desktop/Precificação_AI/Scraper_em_geral/MagazineLuiza/data/raw/205-55-r16/pneu-20555r16-dunlop-fm800_20250811_180555.csv,user/Desktop/Precificação_AI/Scraper_em_geral/MagazineLuiza/data/raw/205-55-r16/pneu-20555r16-dunlop-fm800_20250814_135042.csv,user/Desktop/Precificação_AI/Scraper_em_geral/mercadolivre/data/raw/205-55-r16/pneu-205-55-r16-dunlop-fm800_20250808_134221.csv"
dunlop|205/60R15|sp sport,dunlop,sp sport,205/60R15,20,"magazineluiza,mercadolivre",585.9,769.89,669.0274999999999,665.19,598.169,752.77,672.5764705882352,"user/Desktop/Precificação_AI/Scraper_em_geral/MagazineLuiza/data/raw/205-60-r15/pneu-20560r15-dunlop-fm800_20250808_095104.json,user/Desktop/Precificação_AI/Scraper_em_geral/MagazineLuiza/data/raw/205-60-r15/pneu-20560r15-dunlop-fm800_20250811_184209.csv,user/Desktop/Precificação_AI/Scraper_em_geral/MagazineLuiza/data/raw/205-60-r15/pneu-20560r15-dunlop-fm800_20250814_140904.csv,user/Desktop/Precificação_AI/Scraper_em_geral/mercadolivre/data/raw/205-60-r15/pneu-205-60-r15-dunlop-fm800_20250808_135719.csv"
dunlop|205/60R16|sp sport,dunlop,sp sport,205/60R16,5,mercadolivre,349.99,867.35,722.4680000000001,802.75,513.954,853.35,798.3333333333334,user/Desktop/Precificação_AI/Scraper_em_geral/mercadolivre/data/raw/205-60-r16/pneu-205-60-r16-dunlop-enasave_20250808_140259.csv
dunlop|215/50R17|sp sport,dunlop,sp sport,215/50R17,31,"magazineluiza,mercadolivre",635.33,972.92,821.4699999999999,831.38,642.5,960.43,822.6662068965516,"user/Desktop/Precificação_AI/Scraper_em_geral/MagazineLuiza/data/raw/215-50-r17/pneu-21550r17-dunlop-fm800_20250811_193801.csv,user/Desktop/Precificação_AI/Scraper_em_geral/MagazineLuiza/data/raw/215-50-r17/pneu-21550r17-dunlop-fm800_20250814_144249.csv,user/Desktop/Precificação_AI/Scraper_em_geral/mercadolivre/data/raw/215-50-r17/pneu-215-50-r17-dunlop-fm800_20250808_143206.csv,user/Desktop/Precificação_AI/Scraper_em_geral/mercadolivre/data/raw/215-50-r17/pneu-215-50r17-dunlop-fm800_20250808_103711.csv"
dunlop||sp touring,dunlop,sp touring,,75,"Dados_locais,magazineluiza,mercadolivre",327.92,47071.0,4240.88,429.99,387.22200000000004,4290.0,689.7718644067796,"ETL/data/processed/pricing.db,user/Desktop/Precificação_AI/ETL/data/processed/pricing.db,user/Desktop/Precificação_AI/ETL/data/raw/mercadolivre/pneu-175-70-r13-dunlop-sp-touring_20250722_091759.json,user/Desktop/Precificação_AI/ETL/data/raw/mercadolivre/pneu-175-70-r13-dunlop-sp-touring_20250723_085345.json,user/Desktop/Precificação_AI/ETL/data/raw/mercadolivre/pneu-175-70-r13-dunlop-sp-touring_20250724_094050.json,user/Desktop/Precificação_AI/ETL/data/raw/mercadolivre/pneu-175-70-r13-dunlop-sp-touring_20250725_101058.json,user/Desktop/Precificação_AI/ETL/data/raw/mercadolivre/pneu-175-70-r13-dunlop-sp-touring_20250728_091049.json,user/Desktop/Precificação_AI/Scraper_em_geral/MagazineLuiza/data/raw/165-70-r13/pneu-165-70-r13-dunlop-sp-touring_20250804_101933.json,user/Desktop/Precificação_AI/Scraper_em_geral/MagazineLuiza/data/raw/165-70-r13/pneu-165-70-r13-dunlop-sp-touring_20250807_090425.csv,user/Desktop/Precificação_AI/Scraper_em_geral/MagazineLuiza/data/raw/165-70-r13/pneu-165-70-r13-dunlop-sp-touring_20250807_103049.csv,user/Desktop/Precificação_AI/Scraper_em_geral/MagazineLuiza/data/raw/165-70-r13/pneu-165-70-r13-dunlop-sp-touring_20250807_103917.csv,user/Desktop/Precificação_AI/Scraper_em_geral/MagazineLuiza/data/raw/165-70-r13/pneu-165-70-r13-dunlop-sp-touring_20250808_131226.csv,user/Desktop/Precificação_AI/Scraper_em_geral/MagazineLuiza/data/raw/175-65-r14/pneu-175-65-r14-dunlop-sp-touring_20250804_094602.json,user/Desktop/Precificação_AI/Scraper_em_geral/MagazineLuiza/data/raw/175-65-r14/pneu-17565r14-dunlop-sp-touring_20250807_135453.json,user/Desktop/Precificação_AI/Scraper_em_geral/MagazineLuiza/data/raw/175-65-r14/pneu-17565r14-dunlop-sp-touring_20250808_132933.csv,user/Desktop/Precificação_AI/Scraper_em_geral/MagazineLuiza/data/raw/175-70-r13/pneu-175-70-r13-dunlop-sp-touring_20250801_090936.csv,user/Desktop/Precificação_AI/Scraper_em_geral/MagazineLuiza/data/raw/175-70-r13/pneu-17570r13-dunlop-sp-touring_20250807_142441.json,user/Desktop/Precificação_AI/Scraper_em_geral/MagazineLuiza/data/raw/175-70-r13/pneu-17570r13-dunlop-sp-touring_20250808_135944.csv,user/Desktop/Precificação_AI/Scraper_em_geral/MagazineLuiza/data/raw/175-70-r14/pneu-17570r14-dunlop-sp-touring_20250807_145244.json,user/Desktop/Precificação_AI/Scraper_em_geral/MagazineLuiza/data/raw/175-70-r14/pneu-17570r14-dunlop-sp-touring_20250808_142629.csv,user/Desktop/Precificação_AI/Scraper_em_geral/MagazineLuiza/data/raw/185-65-r14/pneu-185-65-r14-dunlop-sp-touring_20250804_144311.json,user/Desktop/Precificação_AI/Scraper_em_geral/MagazineLuiza/data/raw/185-65-r14/pneu-18565r14-dunlop-sp-touring_20250807_154041.json,user/Desktop/Precificação_AI/Scraper_em_geral/MagazineLuiza/data/raw/185-65-r14/pneu-18565r14-dunlop-sp-touring_20250808_151933.csv,user/Desktop/Precificação_AI/Scraper_em_geral/MagazineLuiza/data/raw/185-70-r13/pneu-185-70-r13-dunlop-touring_20250804_152418.json,user/Desktop/Precificação_AI/Scraper_em_geral/MagazineLuiza/data/raw/185-70-r13/pneu-18570r13-dunlop-touring_20250807_155751.json,user/Desktop/Precificação_AI/Scraper_em_geral/MagazineLuiza/data/raw/185-70-r13/pneu-18570r13-dunlop-touring_20250808_153910.csv,user/Desktop/Precificação_AI/Scraper_em_geral/MagazineLuiza/data/raw/185-70-r14/pneu-185-70-r14-dunlop-sp-touring_20250804_155219.json,user/Desktop/Precificação_AI/Scraper_em_geral/MagazineLuiza/data/raw/185-70-r14/pneu-18570r14-dunlop-sp-touring_20250807_161157.json,user/Desktop/Precificação_AI/Scraper_em_geral/MagazineLuiza/data/raw/185-70-r14/pneu-18570r14-dunlop-sp-touring_20250808_155729.csv,user/Desktop/Precificação_AI/Scraper_em_geral/mercadolivre/data/JSON/pneu-175-70-r14-dunlop-sp-touring_20250801_114837.json,user/Desktop/Precificação_AI/Scraper_em_geral/mercadolivre/data/raw/165-70-r13/pneu-165-70-r13-dunlop-sp-touring_20250808_104611.csv,user/Desktop/Precificação_AI/Scraper_em_geral/mercadolivre/data/raw/175-65-r14/pneu-175-65-r14-dunlop-sp-touring_20250808_112213.csv,user/Desktop/Precificação_AI/Scraper_em_geral/mercadolivre/data/raw/175-70-r13/pneu-175-70-r13-dunlop-sp-touring_20250808_114147.csv,user/Desktop/Precificação_AI/data/processed/marketplaces.db,user/Desktop/Precificação_AI/data/processed/mercadolivre/pricing_20250722_142324.json"
dunlop|165/70R13|sp touring,dunlop,sp touring,165/70R13,192,"magazineluiza,mercadolivre,pneustore",254.13,564.62,440.41416666666663,444.98,378.99,508.2,442.45077419354834,"user/Desktop/Precificação_AI/Scraper_em_geral/MagazineLuiza/data/raw/165-70-r13/pneu-165-70-r13-dunlop-sp-touring_20250804_101933.json,user/Desktop/Precificação_AI/Scraper_em_geral/MagazineLuiza/data/raw/165-70-r13/pneu-165-70-r13-dunlop-sp-touring_20250807_090425.csv,user/Desktop/Precificação_AI/Scraper_em_geral/MagazineLuiza/data/raw/165-70-r13/pneu-165-70-r13-dunlop-sp-touring_20250807_103049.csv,user/Desktop/Precificação_AI/Scraper_em_geral/MagazineLuiza/data/raw/165-70-r13/pneu-165-70-r13-dunlop-sp-touring_20250807_103917.csv,user/Desktop/Precificação_AI/Scraper_em_geral/MagazineLuiza/data/raw/165-70-r13/pneu-165-70-r13-dunlop-sp-touring_20250808_131226.csv,user/Desktop/Precificação_AI/Scraper_em_geral/MagazineLuiza/data/raw/165-70-r13/pneu-165-70-r13-dunlop-sp-touring_20250811_115332.csv,user/Desktop/Precificação_AI/Scraper_em_geral/MagazineLuiza/data/raw/165-70-r13/pneu-165-70-r13-dunlop-sp-touring_20250814_104513.csv,user/Desktop/Precificação_AI/Scraper_em_geral/MagazineLuiza/data/raw/165-70-r13/pneu-165-70-r13-dunlop-sp-touring_20250814_110052.csv,user/Desktop/Precificação_AI/Scraper_em_geral/MagazineLuiza/data/raw/165-70-r13/pneu-165-70-r13-dunlop-sp-touring_20250814_112947.csv,user/Desktop/Precificação_AI/Scraper_em_geral/mercadolivre/data/raw/165-70-r13/pneu-165-70-r13-dunlop-sp-touring_20250808_104611.csv,user/Desktop/Precificação_AI/Scraper_em_geral/mercadolivre/data/raw/165-70-r13/pneu-165-70-r13-dunlop-sp-touring_20250811_123201.csv,user/Desktop/Precificação_AI/Scraper_em_geral/mercadolivre/data/raw/165-70-r13/pneu-165-70-r13-dunlop-sp-touring_20250814_134148.csv,user/Desktop/Precificação_AI/Scraper_em_geral/pneustore/dados/raw/165-70-r13/pneu-165-70-r13-dunlop-sp-touring_20250811_124447.csv"
dunlop|175/65R14|sp touring,dunlop,sp touring,175/65R14,240,"magazineluiza,mercadolivre,pneustore",212.0,853.86,471.6806666666666,476.23,360.91,556.94,469.88872448979595,"user/Desktop/Precificação_AI/Scraper_em_geral/MagazineLuiza/data/raw/175-65-r14/pneu-175-65-r14-dunlop-sp-touring_20250804_094602.json,user/Desktop/Precificação_AI/Scraper_em_geral/MagazineLuiza/data/raw/175-65-r14/pneu-17565r14-dunlop-sp-touring_20250807_135453.json,user/Desktop/Precificação_AI/Scraper_em_geral/MagazineLuiza/data/raw/175-65-r14/pneu-17565r14-dunlop-sp-touring_20250808_132933.csv,user/Desktop/Precificação_AI/Scraper_em_geral/MagazineLuiza/data/raw/175-65-r14/pneu-17565r14-dunlop-sp-touring_20250811_121047.csv,user/Desktop/Precificação_AI/Scraper_em_geral/MagazineLuiza/data/raw/175-65-r14/pneu-17565r14-dunlop-sp-touring_20250814_115211.csv,user/Desktop/Precificação_AI/Scraper_em_geral/mercadolivre/data/raw/175-65-r14/pneu-175-65-r14-dunlop-sp-touring_20250808_112213.csv,user/Desktop/Precificação_AI/Scraper_em_geral/mercadolivre/data/raw/175-65-r14/pneu-175-65-r14-dunlop-sp-touring_20250811_124251.csv,user/Desktop/Precificação_AI/Scraper_em_geral/mercadolivre/data/raw/175-65-r14/pneu-175-65-r14-dunlop-sp-touring_20250814_135247.csv,user/Desktop/Precificação_AI/Scraper_em_geral/pneustore/dados/raw/175-65-r14/pneu-17565r14-dunlop-sp-touring_20250811_130303.csv"
dunlop|175/70R13|sp touring,dunlop,sp touring,175/70R13,664,"magazineluiza,mercadolivre,pneustore",244.35,70697.72000000015,4036.3135240963866,458.0,381.449,4580.0,730.5983615819208,"user/Desktop/Precificação_AI/ETL/data/raw/mercadolivre/pneu-175-70-r13-dunlop-sp-touring_20250721_160640.json,user/Desktop/Precificação_AI/ETL/data/raw/mercadolivre/pneu-175-70-r13-dunlop-sp-touring_20250722_091759.json,user/Desktop/Precificação_AI/ETL/data/raw/mercadolivre/pneu-175-70-r13-dunlop-sp-touring_20250723_085345.json,user/Desktop/Precificação_AI/ETL/data/raw/mercadolivre/pneu-175-70-r13-dunlop-sp-touring_20250724_094050.json,user/Desktop/Precificação_AI/ETL/data/raw/mercadolivre/pneu-175-70-r13-dunlop-sp-touring_20250725_101058.json,user/Desktop/Precificação_AI/ETL/data/raw/mercadolivre/pneu-175-70-r13-dunlop-sp-touring_20250728_091049.json,user/Desktop/Precificação_AI/Scraper_em_geral/MagazineLuiza/data/raw/175-70-r13/pneu-175-70-r13-dunlop-sp-touring_20250801_090936.csv,user/Desktop/Precificação_AI/Scraper_em_geral/MagazineLuiza/data/raw/175-70-r13/pneu-17570r13-dunlop-sp-touring_20250807_142441.json,user/Desktop/Precificação_AI/Scraper_em_geral/MagazineLuiza/data/raw/175-70-r13/pneu-17570r13-dunlop-sp-touring_20250808_135944.csv,user/Desktop/Precificação_AI/Scraper_em_geral/MagazineLuiza/data/raw/175-70-r13/pneu-17570r13-dunlop-sp-touring_20250811_124406.csv,user/Desktop/Precificação_AI/Scraper_em_geral/MagazineLuiza/data/raw/175-70-r13/pneu-17570r13-dunlop-sp-touring_20250814_121121.csv,user/Desktop/Precificação_AI/Scraper_em_geral/mercadolivre/data/JSON/pneu-175-70-r13-goodyear-dunlop_20250730_090050.json,user/Desktop/Precificação_AI/Scraper_em_geral/mercadolivre/data/raw/175-70-r13/pneu-175-70-r13-dunlop-sp-touring_20250808_114147.csv,user/Desktop/Precificação_AI/Scraper_em_geral/mercadolivre/data/raw/175-70-r13/pneu-175-70-r13-dunlop-sp-touring_20250811_130725.csv,user/Desktop/Precificação_AI/Scraper_em_geral/mercadolivre/data/raw/175-70-r13/pneu-175-70-r13-dunlop-sp-touring_20250814_141510.csv,user/Desktop/Precificação_AI/Scraper_em_geral/pneustore/dados/raw/175-70-r13/pneu-17570r13-dunlop-sp-touring_20250811_132959.csv,user/Desktop/Precificação_AI/data/processed/marketplaces.db,user/Desktop/Precificação_AI/data/processed/mercadolivre/pricing_20250722_142324.json"
dunlop|175/70R14|sp touring,dunlop,sp touring,175/70R14,278,"magazineluiza,mercadolivre",339.9,990.04,549.6389208633093,536.8,449.99,615.878,529.9848535564854,"user/Desktop/Precificação_AI/Scraper_em_geral/MagazineLuiza/data/raw/175-70-r14/pneu-17570r14-dunlop-sp-touring_20250807_145244.json,user/Desktop/Precificação_AI/Scraper_em_geral/MagazineLuiza/data/raw/175-70-r14/pneu-17570r14-dunlop-sp-touring_20250808_142629.csv,user/Desktop/Precificação_AI/Scraper_em_geral/MagazineLuiza/data/raw/175-70-r14/pneu-17570r14-dunlop-sp-touring_20250811_132037.csv,user/Desktop/Precificação_AI/Scraper_em_geral/MagazineLuiza/data/raw/175-70-r14/pneu-17570r14-dunlop-sp-touring_20250814_122631.csv,user/Desktop/Precificação_AI/Scraper_em_geral/mercadolivre/data/JSON/pneu-175-70-r14-dunlop-sp-touring_20250801_114837.json,user/Desktop/Precificação_AI/Scraper_em_geral/mercadolivre/data/raw/175-70-r14/pneu-175-70-r14-dunlop-sp-touring_20250801_144453.json,user/Desktop/Precificação_AI/Scraper_em_geral/mercadolivre/data/raw/175-70-r14/pneu-175-70-r14-dunlop-sp-touring_20250808_115509.csv,user/Desktop/Precificação_AI/Scraper_em_geral/mercadolivre/data/raw/175-70-r14/pneu-175-70-r14-dunlop-sp-touring_20250811_132448.csv,user/Desktop/Precificação_AI/Scraper_em_geral/mercadolivre/data/raw/175-70-r14/pneu-175-70-r14-dunlop-sp-touring_20250814_143200.csv"
dunlop|185/65R14|sp touring,dunlop,sp touring,185/65R14,212,"magazineluiza,mercadolivre,pneustore",283.46,1729.0,537.5300471698113,516.54,387.89,668.68,512.0704000000001,"user/Desktop/Precificação_AI/Scraper_em_geral/MagazineLuiza/data/raw/185-65-r14/pneu-185-65-r14-dunlop-sp-touring_20250804_144311.json,user/Desktop/Precificação_AI/Scraper_em_geral/MagazineLuiza/data/raw/185-65-r14/pneu-18565r14-dunlop-sp-touring_20250807_154041.json,user/Desktop/Precificação_AI/Scraper_em_geral/MagazineLuiza/data/raw/185-65-r14/pneu-18565r14-dunlop-sp-touring_20250808_151933.csv,user/Desktop/Precificação_AI/Scraper_em_geral/MagazineLuiza/data/raw/185-65-r14/pneu-18565r14-dunlop-sp-touring_20250811_141639.csv,user/Desktop/Precificação_AI/Scraper_em_geral/MagazineLuiza/data/raw/185-65-r14/pneu-18565r14-dunlop-sp-touring_20250814_125148.csv,user/Desktop/Precificação_AI/Scraper_em_geral/mercadolivre/data/raw/185-65-r14/pneu-185-65-r14-dunlop-sp-touring_20250808_121940.csv,user/Desktop/Precificação_AI/Scraper_em_geral/mercadolivre/data/raw/185-65-r14/pneu-185-65-r14-dunlop-sp-touring_20250811_135643.csv,user/Desktop/Precificação_AI/Scraper_em_geral/mercadolivre/data/raw/185-65-r14/pneu-185-65-r14-dunlop-sp-touring_20250814_150222.csv,user/Desktop/Precificação_AI/Scraper_em_geral/pneustore/dados/raw/185-65-r14/pneu-18565r14-dunlop-sp-touring_20250811_144445.csv"
dunlop|185/70R13|sp touring,dunlop,sp touring,185/70R13,76,"magazineluiza,mercadolivre",393.32,715.75,504.30750000000006,484.82000000000005,439.105,617.94,504.73125,"user/Desktop/Precificação_AI/Scraper_em_geral/MagazineLuiza/data/raw/185-70-r13/pneu-185-70-r13-dunlop-touring_20250804_152418.json,user/Desktop/Precificação_AI/Scraper_em_geral/MagazineLuiza/data/raw/185-70-r13/pneu-18570r13-dunlop-touring_20250807_155751.json,user/Desktop/Precificação_AI/Scraper_em_geral/MagazineLuiza/data/raw/185-70-r13/pneu-18570r13-dunlop-touring_20250808_153910.csv,user/Desktop/Precificação_AI/Scraper_em_geral/MagazineLuiza/data/raw/185-70-r13/pneu-18570r13-dunlop-touring_20250811_143937.csv,user/Desktop/Precificação_AI/Scraper_em_geral/mercadolivre/data/raw/185-70-r13/pneu-185-70-r13-dunlop-touring_20250808_123103.csv"
dunlop|185/70R14|sp touring,dunlop,sp touring,185/70R14,194,"magazineluiza,mercadolivre,pneustore",331.64,705.0,557.0551546391753,574.68,484.03,627.68,560.5198742138365,"user/Desktop/Precificação_AI/Scraper_em_geral/MagazineLuiza/data/raw/185-70-r14/pneu-185-70-r14-dunlop-sp-touring_20250804_155219.json,user/Desktop/Precificação_AI/Scraper_em_geral/MagazineLuiza/data/raw/185-70-r14/pneu-18570r14-dunlop-sp-touring_20250807_161157.json,user/Desktop/Precificação_AI/Scraper_em_geral/MagazineLuiza/data/raw/185-70-r14/pneu-18570r14-dunlop-sp-touring_20250808_155729.csv,user/Desktop/Precificação_AI/Scraper_em_geral/MagazineLuiza/data/raw/185-70-r14/pneu-18570r14-dunlop-sp-touring_20250811_150054.csv,user/Desktop/Precificação_AI/Scraper_em_geral/MagazineLuiza/data/raw/185-70-r14/pneu-18570r14-dunlop-sp-touring_20250814_130426.csv,user/Desktop/Precificação_AI/Scraper_em_geral/mercadolivre/data/raw/185-70-r14/pneu-185-70-r14-dunlop-sp-touring_20250808_124003.csv,user/Desktop/Precificação_AI/Scraper_em_geral/mercadolivre/data/raw/185-70-r14/pneu-185-70-r14-dunlop-sp-touring_20250811_142411.csv,user/Desktop/Precificação_AI/Scraper_em_geral/mercadolivre/data/raw/185-70-r14/pneu-185-70-r14-dunlop-sp-touring_20250814_152724.csv,user/Desktop/Precificação_AI/Scraper_em_geral/pneustore/dados/raw/185-70-r14/pneu-18570r14-dunlop-sp-touring_20250811_152055.csv"
dunlop||sp touring,dunlop,sp touring,,21,mercadolivre,297.0,843.86,515.204761904762,473.95,399.99,843.86,526.115,"user/Desktop/Precificação_AI/Scraper_em_geral/mercadolivre/data/raw/165-70-r13/pneu-165-70-r13-dunlop-sp-touring_20250811_123201.csv,user/Desktop/Precificação_AI/Scraper_em_geral/mercadolivre/data/raw/165-70-r13/pneu-165-70-r13-dunlop-sp-touring_20250814_134148.csv,user/Desktop/Precificação_AI/Scraper_em_geral/mercadolivre/data/raw/175-65-r14/pneu-175-65-r14-dunlop-sp-touring_20250811_124251.csv,user/Desktop/Precificação_AI/Scraper_em_geral/mercadolivre/data/raw/175-65-r14/pneu-175-65-r14-dunlop-sp-touring_20250814_135247.csv,user/Desktop/Precificação_AI/Scraper_em_geral/mercadolivre/data/raw/175-70-r13/pneu-175-70-r13-dunlop-sp-touring_20250811_130725.csv,user/Desktop/Precificação_AI/Scraper_em_geral/mercadolivre/data/raw/175-70-r13/pneu-175-70-r13-dunlop-sp-touring_20250814_141510.csv,user/Desktop/Precificação_AI/Scraper_em_geral/mercadolivre/data/raw/185-65-r14/pneu-185-65-r14-dunlop-sp-touring_20250811_135643.csv,user/Desktop/Precificação_AI/Scraper_em_geral/mercadolivre/data/raw/185-65-r14/pneu-185-65-r14-dunlop-sp-touring_20250814_150222.csv"
dunlop|185/70R13|touring,dunlop,touring,185/70R13,66,mercadolivre,435.21,1279.0,518.0904545454546,485.18,449.16999999999996,629.165,493.7236538461539,"user/Desktop/Precificação_AI/Scraper_em_geral/mercadolivre/data/raw/185-70-r13/pneu-185-70-r13-dunlop-touring_20250811_141112.csv,user/Desktop/Precificação_AI/Scraper_em_geral/mercadolivre/data/raw/185-70-r13/pneu-185-70-r13-dunlop-touring_20250814_151443.csv"
dunlop|205/70R15|wrangler,dunlop,wrangler,205/70R15,1,pneustore,708.79,708.79,708.79,708.79,708.79,708.79,708.79,user/Desktop/Precificação_AI/Scraper_em_geral/pneustore/dados/raw/205-70-r15/pneu-20570r15-dunlop-grandtrek_20250811_193844.csv
dunlop|165/70R13,dunlop,,165/70R13,1,mercadolivre,442.27,442.27,442.27,442.27,442.27,442.27,442.27,user/Desktop/Precificação_AI/Unificador_DB/data/AI/audit/issues_sample.csv
dunlop|175/70R14,dunlop,,175/70R14,25,"magazineluiza,pneustore",263.9,770.16,542.2755999999999,549.84,322.57,708.16,535.7715000000001,"user/Desktop/Precificação_AI/Scraper_em_geral/MagazineLuiza/data/raw/175-70-r14/pneu-17570r14-dunlop-grandtrek_20250811_130859.csv,user/Desktop/Precificação_AI/Scraper_em_geral/MagazineLuiza/data/raw/175-70-r14/pneu-17570r14-dunlop-grandtrek_20250814_122053.csv,user/Desktop/Precificação_AI/Scraper_em_geral/pneustore/dados/raw/175-70-r14/pneu-17570r14-dunlop-grandtrek_20250811_134415.csv"
dunlop|185/55R16,dunlop,,185/55R16,12,"magazineluiza,pneustore",391.01,858.16,650.0154545454545,678.03,420.35,858.16,675.9159999999999,"user/Desktop/Precificação_AI/Scraper_em_geral/MagazineLuiza/data/raw/185-55-r16/pneu-18555r16-dunlop-enasave_20250811_133255.csv,user/Desktop/Precificação_AI/Scraper_em_geral/MagazineLuiza/data/raw/185-55-r16/pneu-18555r16-dunlop-enasave_20250814_123227.csv,user/Desktop/Precificação_AI/Scraper_em_geral/pneustore/dados/raw/185-55-r16/pneu-18555r16-dunlop-enasave_20250811_140452.csv"
dunlop|185/70R13,dunlop,,185/70R13,3,pneustore,312.79,342.13,325.83,322.57,314.74600000000004,338.218,322.57,user/Desktop/Precificação_AI/Scraper_em_geral/pneustore/dados/raw/185-70-r13/pneu-18570r13-dunlop-touring_20250811_150351.csv
dunlop|195/50R16,dunlop,,195/50R16,15,"magazineluiza,pneustore",312.79,813.65,636.1920000000001,661.64,459.462,768.87,652.06,"user/Desktop/Precificação_AI/Scraper_em_geral/MagazineLuiza/data/raw/195-50-r16/pneu-19550r16-dunlop-direzza_20250811_150759.csv,user/Desktop/Precificação_AI/Scraper_em_geral/pneustore/dados/raw/195-50-r16/pneu-19550r16-dunlop-direzza_20250811_153519.csv"
dunlop|195/55R15,dunlop,,195/55R15,10,"magazineluiza,mercadolivre",399.9,683.61,500.3839999999999,492.565,399.9,610.512,480.0255555555555,"user/Desktop/Precificação_AI/Scraper_em_geral/MagazineLuiza/data/raw/195-55-r15/pneu-19555r15-dunlop_20250811_153519.csv,user/Desktop/Precificação_AI/Scraper_em_geral/mercadolivre/data/raw/195-55-r15/pneu-195-55-r15-dunlop_20250811_144349.csv,user/Desktop/Precificação_AI/Scraper_em_geral/mercadolivre/data/raw/195-55-r15/pneu-195-55-r15-dunlop_20250814_154437.csv"
dunlop|205/45R17,dunlop,,205/45R17,11,"magazineluiza,pneustore",332.35,1539.9,842.4072727272727,757.68,386.13,1449.9,821.5811111111112,"user/Desktop/Precificação_AI/Scraper_em_geral/MagazineLuiza/data/raw/205-45-r17/pneu-20545r17-dunlop-dz10_20250811_173810.csv,user/Desktop/Precificação_AI/Scraper_em_geral/pneustore/dados/raw/205-45-r17/pneu-20545r17-dunlop-dz10_20250811_174915.csv"
dunlop|205/55R16,dunlop,,205/55R16,5,"magazineluiza,pneustore",366.57,513.0,465.184,513.0,388.082,513.0,489.8375,"user/Desktop/Precificação_AI/Scraper_em_geral/MagazineLuiza/data/raw/205-55-r16/pneu-20555r16-dunlop-enasave_20250811_182103.csv,user/Desktop/Precificação_AI/Scraper_em_geral/MagazineLuiza/data/raw/205-55-r16/pneu-20555r16-dunlop-enasave_20250814_135719.csv,user/Desktop/Precificação_AI/Scraper_em_geral/pneustore/dados/raw/205-55-r16/pneu-20555r16-dunlop-enasave_20250811_182746.csv"
dunlop|205/60R16,dunlop,,205/60R16,31,"magazineluiza,pneustore",391.01,1032.92,760.1319354838711,754.61,639.9,879.9,761.5228,"user/Desktop/Precificação_AI/Scraper_em_geral/MagazineLuiza/data/raw/205-60-r16/pneu-20560r16-dunlop-enasave_20250811_184852.csv,user/Desktop/Precificação_AI/Scraper_em_geral/MagazineLuiza/data/raw/205-60-r16/pneu-20560r16-dunlop-enasave_20250814_141325.csv,user/Desktop/Precificação_AI/Scraper_em_geral/MagazineLuiza/data/raw/205-60-r16/pneu-20560r16-dunlop-grandtrek_20250811_185424.csv,user/Desktop/Precificação_AI/Scraper_em_geral/MagazineLuiza/data/raw/205-60-r16/pneu-20560r16-dunlop-grandtrek_20250814_141639.csv,user/Desktop/Precificação_AI/Scraper_em_geral/pneustore/dados/raw/205-60-r16/pneu-20560r16-dunlop-enasave_20250811_185543.csv"
dunlop|205/70R15,dunlop,,205/70R15,29,"magazineluiza,pneustore",381.23,860.35,654.5579310344827,689.9,427.19599999999997,843.21,677.7564,"user/Desktop/Precificação_AI/Scraper_em_geral/MagazineLuiza/data/raw/205-70-r15/pneu-20570r15-dunlop-grandtrek_20250811_192046.csv,user/Desktop/Precificação_AI/Scraper_em_geral/MagazineLuiza/data/raw/205-70-r15/pneu-20570r15-dunlop-grandtrek_20250814_143258.csv,user/Desktop/Precificação_AI/Scraper_em_geral/pneustore/dados/raw/205-70-r15/pneu-20570r15-dunlop-grandtrek_20250811_193844.csv"
dunlop|215/60R17,dunlop,,215/60R17,19,"magazineluiza,pneustore",508.35,1359.01,857.4221052631578,813.2,582.658,1147.08,866.0406250000001,"user/Desktop/Precificação_AI/Scraper_em_geral/MagazineLuiza/data/raw/215-60-r17/pneu-21560r17-dunlop-grandtrek_20250811_195633.csv,user/Desktop/Precificação_AI/Scraper_em_geral/MagazineLuiza/data/raw/215-60-r17/pneu-21560r17-dunlop-grandtrek_20250814_145254.csv,user/Desktop/Precificação_AI/Scraper_em_geral/pneustore/dados/raw/215-60-r17/pneu-21560r17-dunlop-grandtrek_20250811_201426.csv"
falken|195/55R16|ziex,falken,ziex,195/55R16,42,mercadolivre,99.0,830.3,487.6111904761904,430.975,353.97,738.7,484.32823529411763,"user/Desktop/Precificação_AI/Scraper_em_geral/mercadolivre/data/raw/195-55-r16/pneu-195-55-r16-falken-ziex_20250811_145333.csv,user/Desktop/Precificação_AI/Scraper_em_geral/mercadolivre/data/raw/195-55-r16/pneu-195-55-r16-falken-ziex_20250814_155413.csv"
falken||ziex,falken,ziex,,2,mercadolivre,269.9,269.9,269.9,269.9,269.9,269.9,269.9,"user/Desktop/Precificação_AI/Scraper_em_geral/mercadolivre/data/raw/195-55-r16/pneu-195-55-r16-falken-ziex_20250811_145333.csv,user/Desktop/Precificação_AI/Scraper_em_geral/mercadolivre/data/raw/195-55-r16/pneu-195-55-r16-falken-ziex_20250814_155413.csv"
firestone|185/60R15,firestone,,185/60R15,13,"magazineluiza,mercadolivre",509.28,621.22,580.2415384615383,591.64,527.856,612.15,588.932,"user/Desktop/Precificação_AI/Scraper_em_geral/MagazineLuiza/data/raw/185-60-r15/pneu-185-60-r15-firestone-f-700_20250804_120700.json,user/Desktop/Precificação_AI/Scraper_em_geral/mercadolivre/data/raw/185-60-r15/pneu-185-60-r15-firestone-f700_20250808_120453.csv"
firestone|185/70R14,firestone,,185/70R14,19,mercadolivre,370.24,875.0,609.2931578947369,623.55,425.11,768.3480000000001,597.054375,user/Desktop/Precificação_AI/Scraper_em_geral/mercadolivre/data/raw/185-70-r14/pneu-185-70-r14-firestone-f700_20250808_124114.csv
firestone|195/65R15,firestone,,195/65R15,15,mercadolivre,300.0,879.0,527.9,499.0,418.336,692.676,511.5181818181818,user/Desktop/Precificação_AI/Scraper_em_geral/mercadolivre/data/raw/195-65-r15/pneu-195-65-r15-firestone-f700_20250808_133009.csv
firestone|205/65R16,firestone,,205/65R16,10,mercadolivre,683.88,954.21,786.932,741.245,683.88,933.744,768.3455555555555,user/Desktop/Precificação_AI/Scraper_em_geral/mercadolivre/data/raw/205-65-r16/pneu-205-65-r16-firestone-destination_20250808_141403.csv
firestone|205/65R16|16 destination,firestone,16 destination,205/65R16,1,pneustore,557.23,557.23,557.23,557.23,557.23,557.23,557.23,user/Desktop/Precificação_AI/Scraper_em_geral/pneustore/dados/raw/205-65-r16/pneu-20565r16-firestone-destination_20250811_192332.csv
firestone|205/65R16|destination,firestone,destination,205/65R16,10,mercadolivre,683.88,954.21,786.932,741.245,683.88,933.744,768.3455555555555,user/Desktop/Precificação_AI/Scraper_em_geral/mercadolivre/data/raw/205-65-r16/pneu-205-65-r16-firestone-destination_20250811_164500.csv
firestone|205/65R16|efficientgrip,firestone,efficientgrip,205/65R16,1,pneustore,733.23,733.23,733.23,733.23,733.23,733.23,733.23,user/Desktop/Precificação_AI/Scraper_em_geral/pneustore/dados/raw/205-65-r16/pneu-20565r16-firestone-destination_20250811_192332.csv
firestone|205/65R16|energy xm2,firestone,energy xm2,205/65R16,1,pneustore,870.13,870.13,870.13,870.13,870.13,870.13,870.13,user/Desktop/Precificação_AI/Scraper_em_geral/pneustore/dados/raw/205-65-r16/pneu-20565r16-firestone-destination_20250811_192332.csv
firestone|185/60R15|f700,firestone,f700,185/60R15,10,mercadolivre,509.28,621.22,558.292,546.0,509.28,621.22,558.292,"user/Desktop/Precificação_AI/Scraper_em_geral/mercadolivre/data/raw/185-60-r15/pneu-185-60-r15-firestone-f700_20250811_133805.csv,user/Desktop/Precificação_AI/Scraper_em_geral/mercadolivre/data/raw/185-60-r15/pneu-185-60-r15-firestone-f700_20250814_144615.csv"
firestone|185/70R14|f700,firestone,f700,185/70R14,77,"magazineluiza,mercadolivre,pneustore",370.24,875.0,603.9024675324677,583.63,471.17,753.93,602.314126984127,"user/Desktop/Precificação_AI/Scraper_em_geral/MagazineLuiza/data/raw/185-70-r14/pneu-185-70-r14-firestone-f700_20250804_164719.json,user/Desktop/Precificação_AI/Scraper_em_geral/MagazineLuiza/data/raw/185-70-r14/pneu-18570r14-firestone-f700_20250807_161423.json,user/Desktop/Precificação_AI/Scraper_em_geral/MagazineLuiza/data/raw/185-70-r14/pneu-18570r14-firestone-f700_20250808_160023.csv,user/Desktop/Precificação_AI/Scraper_em_geral/MagazineLuiza/data/raw/185-70-r14/pneu-18570r14-firestone-f700_20250811_150355.csv,user/Desktop/Precificação_AI/Scraper_em_geral/MagazineLuiza/data/raw/185-70-r14/pneu-18570r14-firestone-f700_20250814_130558.csv,user/Desktop/Precificação_AI/Scraper_em_geral/mercadolivre/data/raw/185-70-r14/pneu-185-70-r14-firestone-f700_20250808_124114.csv,user/Desktop/Precificação_AI/Scraper_em_geral/mercadolivre/data/raw/185-70-r14/pneu-185-70-r14-firestone-f700_20250811_142550.csv,user/Desktop/Precificação_AI/Scraper_em_geral/mercadolivre/data/raw/185-70-r14/pneu-185-70-r14-firestone-f700_20250814_152849.csv,user/Desktop/Precificação_AI/Scraper_em_geral/pneustore/dados/raw/185-70-r14/pneu-18570r14-firestone-f700_20250811_152956.csv"
firestone|195/65R15|f700,firestone,f700,195/65R15,39,mercadolivre,300.0,879.0,566.7876923076924,572.23,412.332,691.9000000000001,565.1974193548388,"user/Desktop/Precificação_AI/Scraper_em_geral/mercadolivre/data/raw/195-65-r15/pneu-195-65-r15-firestone-f700_20250808_133009.csv,user/Desktop/Precificação_AI/Scraper_em_geral/mercadolivre/data/raw/195-65-r15/pneu-195-65-r15-firestone-f700_20250811_153435.csv,user/Desktop/Precificação_AI/Scraper_em_geral/mercadolivre/data/raw/195-65-r15/pneu-195-65-r15-firestone-f700_20250814_162604.csv"
firestone|205/65R16|scorpion,firestone,scorpion,205/65R16,1,pneustore,567.01,567.01,567.01,567.01,567.01,567.01,567.01,user/Desktop/Precificação_AI/Scraper_em_geral/pneustore/dados/raw/205-65-r16/pneu-20565r16-firestone-destination_20250811_192332.csv
firestone|205/65R16,firestone,,205/65R16,22,"magazineluiza,pneustore",371.46,1000.29,692.8531818181818,701.63,462.393,1000.29,738.9678947368423,"user/Desktop/Precificação_AI/Scraper_em_geral/MagazineLuiza/data/raw/205-65-r16/pneu-20565r16-firestone-destination_20250811_190644.csv,user/Desktop/Precificação_AI/Scraper_em_geral/MagazineLuiza/data/raw/205-65-r16/pneu-20565r16-firestone-destination_20250814_142454.csv,user/Desktop/Precificação_AI/Scraper_em_geral/pneustore/dados/raw/205-65-r16/pneu-20565r16-firestone-destination_20250811_192332.csv"
formula|175/70R13|energy,formula,energy,175/70R13,116,mercadolivre,279.89,1844.0,418.6675,379.62,332.4,468.13,385.92851063829795,"user/Desktop/Precificação_AI/Scraper_em_geral/mercadolivre/data/raw/175-70-r13/pneu-175-70-r13-formula-energy_20250811_130323.csv,user/Desktop/Precificação_AI/Scraper_em_geral/mercadolivre/data/raw/175-70-r13/pneu-175-70-r13-formula-energy_20250814_141103.csv"
formula||energy,formula,energy,,7,mercadolivre,358.0,960.29,474.4085714285714,359.17,358.0,669.1100000000001,393.42833333333334,"user/Desktop/Precificação_AI/Scraper_em_geral/mercadolivre/data/raw/175-70-r13/pneu-175-70-r13-formula-energy_20250811_130323.csv,user/Desktop/Precificação_AI/Scraper_em_geral/mercadolivre/data/raw/175-70-r13/pneu-175-70-r13-formula-energy_20250814_141103.csv"
formula|175/70R13|formula evo,formula,formula evo,175/70R13,4,magazineluiza,399.0,420.0,409.5,409.5,399.0,420.0,409.5,"user/Desktop/Precificação_AI/Scraper_em_geral/MagazineLuiza/data/raw/175-70-r13/pneu-17570r13-formula-energy_20250811_123800.csv,user/Desktop/Precificação_AI/Scraper_em_geral/MagazineLuiza/data/raw/175-70-r13/pneu-17570r13-formula-energy_20250814_120715.csv"
general|175/70R14,general,,175/70R14,1,mercadolivre,473.05,473.05,473.05,473.05,473.05,473.05,473.05,user/Desktop/Precificação_AI/Scraper_em_geral/mercadolivre/data/JSON/pneu-175-70-r14-pirelli-p400-evo_20250801_113029.json
goodyear,goodyear,,,2,mercadolivre,592.42,729.0,660.71,660.71,606.078,715.342,,"user/Desktop/Precificação_AI/Scraper_em_geral/mercadolivre/data/JSON/pneu-175-70-r14-goodyear-goodyear-assurance_20250801_095627.json,user/Desktop/Precificação_AI/Scraper_em_geral/mercadolivre/data/raw/185-60-r15/pneu-185-60-r15-goodyear-eagle_20250808_121123.csv"
goodyear|175-70-r13,goodyear,,175-70-r13,1,pneustore,299.9,299.9,299.9,299.9,299.9,299.9,299.9,user/Desktop/Precificação_AI/test_output/test_pneustore_20250808_150234.csv
goodyear|175/65R14,goodyear,,175/65R14,1,mercadolivre,473.47,473.47,473.47,473.47,473.47,473.47,473.47,user/Desktop/Precificação_AI/Scraper_em_geral/mercadolivre/data/raw/175-65-r14/pneu-175-65-r14-goodyear-direction_20250808_112624.csv
goodyear|175/70R13,goodyear,,175/70R13,23,"magazineluiza,mercadolivre",299.9,45033.0,11507.545652173912,425.41,318.592,42541.0,9649.681111111111,"user/Desktop/Precificação_AI/ETL/data/raw/mercadolivre/pneu-175-70-r13-goodyear-kelly-edge_20250722_085534.json,user/Desktop/Precificação_AI/ETL/data/raw/mercadolivre/pneu-175-70-r13-goodyear-kelly-edge_20250722_090616.json,user/Desktop/Precificação_AI/ETL/data/raw/mercadolivre/pneu-175-70-r13-goodyear-kelly-edge_20250724_100119.json,user/Desktop/Precificação_AI/ETL/data/raw/mercadolivre/pneu-175-70-r13-goodyear-kelly-edge_20250725_084655.json,user/Desktop/Precificação_AI/Scraper_em_geral/MagazineLuiza/data/raw/175-70-r13/pneu-175-70-r13-goodyear_20250731_142814.csv,user/Desktop/Precificação_AI/Scraper_em_geral/MagazineLuiza/data/raw/175-70-r13/pneu-175-70-r13-goodyear_20250806_233324.csv,user/Desktop/Precificação_AI/Scraper_em_geral/mercadolivre/data/JSON/pneu-175-70-r13-goodyear-kelly-edge_20250729_084502.json,user/Desktop/Precificação_AI/data/processed/marketplaces.db,user/Desktop/Precificação_AI/data/processed/mercadolivre/pricing_20250722_142324.json,user/Desktop/Precificação_AI/test_output/test_magalu_20250808_150321.csv,user/Desktop/Precificação_AI/test_output/test_mercadolivre_20250808_150321.csv"
goodyear|175/70R14,goodyear,,175/70R14,2,mercadolivre,580.0,580.9,580.45,580.45,580.09,580.81,,"user/Desktop/Precificação_AI/Scraper_em_geral/mercadolivre/data/JSON/pneu-175-70-r14-goodyear-goodyear-assurance_20250801_095627.json,user/Desktop/Precificação_AI/Scraper_em_geral/mercadolivre/data/raw/175-70-r14/pneu-175-70-r14-goodyear-assurance_20250808_115156.csv"
goodyear|185/65R15,goodyear,,185/65R15,2,mercadolivre,600.0,697.35,648.675,648.675,609.735,687.615,,user/Desktop/Precificação_AI/Scraper_em_geral/mercadolivre/data/raw/185-65-r15/pneu-185-65-r15-goodyear-eagle_20250808_122324.csv
goodyear|195/55R15,goodyear,,195/55R15,17,mercadolivre,634.51,768.06,723.7241176470588,738.69,693.3,768.06,729.3,user/Desktop/Precificação_AI/Scraper_em_geral/mercadolivre/data/raw/195-55-r15/pneu-195-55-r15-goodyear-efficientgrip_20250808_125215.csv
goodyear|195/55R16,goodyear,,195/55R16,3,mercadolivre,1238.0,1299.0,1260.6666666666667,1245.0,1239.4,1288.2,1245.0,user/Desktop/Precificação_AI/Scraper_em_geral/mercadolivre/data/raw/195-55-r16/pneu-195-55-r16-goodyear-eagle_20250808_130848.csv
goodyear|195/65R15,goodyear,,195/65R15,3,mercadolivre,449.0,812.13,640.67,660.88,491.376,781.88,660.88,user/Desktop/Precificação_AI/Scraper_em_geral/mercadolivre/data/raw/195-65-r15/pneu-195-65-r15-goodyear-efficientgrip_20250808_132901.csv
goodyear|205/60R15,goodyear,,205/60R15,3,mercadolivre,150.0,958.95,642.86,819.63,283.92600000000004,931.086,819.63,user/Desktop/Precificação_AI/Scraper_em_geral/mercadolivre/data/raw/205-60-r15/pneu-205-60-r15-goodyear-efficientgrip_20250808_135632.csv
goodyear|205/70R15,goodyear,,205/70R15,5,mercadolivre,908.59,1103.0,1024.118,1047.0,946.754,1085.0,1036.3333333333333,user/Desktop/Precificação_AI/Scraper_em_geral/mercadolivre/data/raw/205-70-r15/pneu-205-70-r15-goodyear-cargo-marathon_20250808_141526.csv
goodyear|215/50R17,goodyear,,215/50R17,13,mercadolivre,150.0,1022.0,849.0753846153847,903.34,768.2700000000001,962.97,911.8140000000001,user/Desktop/Precificação_AI/Scraper_em_geral/mercadolivre/data/raw/215-50-r17/pneu-215-50-r17-goodyear-efficientgrip_20250808_142727.csv
goodyear|205/70R15|15 cargo,goodyear,15 cargo,205/70R15,1,pneustore,801.68,801.68,801.68,801.68,801.68,801.68,801.68,user/Desktop/Precificação_AI/Scraper_em_geral/pneustore/dados/raw/205-70-r15/pneu-20570r15-goodyear-cargo-marathon_20250811_193038.csv
goodyear||assurance,goodyear,assurance,,4,"Dados_locais,mercadolivre",717.67,779.23,748.45,748.45,723.826,773.0740000000001,,"ETL/data/processed/pricing.db,user/Desktop/Precificação_AI/ETL/data/processed/pricing.db,user/Desktop/Precificação_AI/Scraper_em_geral/mercadolivre/data/raw/185-65-r14/pneu-185-65-r14-goodyear-assurance_20250808_121450.csv"
goodyear|165/70R13|assurance,goodyear,assurance,165/70R13,107,"magazineluiza,mercadolivre",391.61,570.62,464.77747663551406,465.02,409.238,529.49,463.0747126436781,"user/Desktop/Precificação_AI/Scraper_em_geral/MagazineLuiza/data/raw/165-70-r13/pneu-165-70-r13-goodyear-assurance_20250804_100859.json,user/Desktop/Precificação_AI/Scraper_em_geral/MagazineLuiza/data/raw/165-70-r13/pneu-16570r13-goodyear-assurance_20250807_134640.json,user/Desktop/Precificação_AI/Scraper_em_geral/MagazineLuiza/data/raw/165-70-r13/pneu-16570r13-goodyear-assurance_20250808_132043.csv,user/Desktop/Precificação_AI/Scraper_em_geral/MagazineLuiza/data/raw/165-70-r13/pneu-16570r13-goodyear-assurance_20250811_120200.csv,user/Desktop/Precificação_AI/Scraper_em_geral/MagazineLuiza/data/raw/165-70-r13/pneu-16570r13-goodyear-assurance_20250814_113636.csv,user/Desktop/Precificação_AI/Scraper_em_geral/mercadolivre/data/raw/165-70-r13/pneu-165-70-r13-goodyear-assurance_20250808_111611.csv,user/Desktop/Precificação_AI/Scraper_em_geral/mercadolivre/data/raw/165-70-r13/pneu-165-70-r13-goodyear-assurance_20250811_123600.csv,user/Desktop/Precificação_AI/Scraper_em_geral/mercadolivre/data/raw/165-70-r13/pneu-165-70-r13-goodyear-assurance_20250814_134552.csv"
goodyear|165/70R14|assurance,goodyear,assurance,165/70R14,109,"magazineluiza,mercadolivre,pneustore",273.68,658.07,530.9985321100918,553.06,406.48,628.33,542.050618556701,"user/Desktop/Precificação_AI/Scraper_em_geral/MagazineLuiza/data/raw/165-70-r14/pneu-165-70-r14-goodyear-assurance_20250804_100133.json,user/Desktop/Precificação_AI/Scraper_em_geral/MagazineLuiza/data/raw/165-70-r14/pneu-16570r14-goodyear-assurance_20250807_134941.json,user/Desktop/Precificação_AI/Scraper_em_geral/MagazineLuiza/data/raw/165-70-r14/pneu-16570r14-goodyear-assurance_20250808_132337.csv,user/Desktop/Precificação_AI/Scraper_em_geral/mercadolivre/data/raw/165-70-r14/pneu-165-70-r14-goodyear-assurance_20250808_111725.csv,user/Desktop/Precificação_AI/Scraper_em_geral/mercadolivre/data/raw/165-70-r14/pneu-165-70-r14-goodyear-assurance_20250811_123736.csv,user/Desktop/Precificação_AI/Scraper_em_geral/mercadolivre/data/raw/165-70-r14/pneu-165-70-r14-goodyear-assurance_20250814_134738.csv,user/Desktop/Precificação_AI/Scraper_em_geral/pneustore/dados/raw/165-70-r14/pneu-16570r14-goodyear-assurance_20250811_125807.csv"
goodyear|175/65R14|assurance,goodyear,assurance,175/65R14,116,"magazineluiza,mercadolivre",359.9,579.99,461.83491379310345,457.53,361.85,534.4200000000001,458.9373684210526,"user/Desktop/Precificação_AI/Scraper_em_geral/MagazineLuiza/data/raw/175-65-r14/pneu-175-65-r14-goodyear-assurance_20250804_090438.json,user/Desktop/Precificação_AI/Scraper_em_geral/MagazineLuiza/data/raw/175-65-r14/pneu-17565r14-goodyear-assurance_20250807_141533.json,user/Desktop/Precificação_AI/Scraper_em_geral/MagazineLuiza/data/raw/175-65-r14/pneu-17565r14-goodyear-assurance_20250808_135020.csv,user/Desktop/Precificação_AI/Scraper_em_geral/MagazineLuiza/data/raw/175-65-r14/pneu-17565r14-goodyear-assurance_20250811_123156.csv,user/Desktop/Precificação_AI/Scraper_em_geral/MagazineLuiza/data/raw/175-65-r14/pneu-17565r14-goodyear-assurance_20250814_120329.csv,user/Desktop/Precificação_AI/Scraper_em_geral/mercadolivre/data/raw/175-65-r14/pneu-175-65-r14-goodyear-assurance_20250808_113149.csv,user/Desktop/Precificação_AI/Scraper_em_geral/mercadolivre/data/raw/175-65-r14/pneu-175-65-r14-goodyear-assurance_20250811_125633.csv,user/Desktop/Precificação_AI/Scraper_em_geral/mercadolivre/data/raw/175-65-r14/pneu-175-65-r14-goodyear-assurance_20250814_140440.csv"
goodyear|175/70R13|assurance,goodyear,assurance,175/70R13,269,"magazineluiza,mercadolivre",379.99,54467.0,4820.8939405204455,519.43,429.23,5776.0,764.9572888888889,"user/Desktop/Precificação_AI/ETL/data/raw/mercadolivre/pneu-175-70-r13-goodyear-assurance_20250721_153126.json,user/Desktop/Precificação_AI/ETL/data/raw/mercadolivre/pneu-175-70-r13-goodyear-assurance_20250721_155646.json,user/Desktop/Precificação_AI/ETL/data/raw/mercadolivre/pneu-175-70-r13-goodyear-assurance_20250723_084127.json,user/Desktop/Precificação_AI/ETL/data/raw/mercadolivre/pneu-175-70-r13-goodyear-assurance_20250724_095414.json,user/Desktop/Precificação_AI/ETL/data/raw/mercadolivre/pneu-175-70-r13-goodyear-assurance_20250725_084053.json,user/Desktop/Precificação_AI/Scraper_em_geral/MagazineLuiza/data/raw/175-70-r13/pneu-175-70-r13-goodyear-assurance_20250731_150052.csv,user/Desktop/Precificação_AI/Scraper_em_geral/MagazineLuiza/data/raw/175-70-r13/pneu-175-70-r13-goodyear_20250731_142814.csv,user/Desktop/Precificação_AI/Scraper_em_geral/MagazineLuiza/data/raw/175-70-r13/pneu-175-70-r13-goodyear_20250806_233324.csv,user/Desktop/Precificação_AI/Scraper_em_geral/MagazineLuiza/data/raw/175-70-r13/pneu-17570r13-goodyear-assurance_20250807_142858.json,user/Desktop/Precificação_AI/Scraper_em_geral/MagazineLuiza/data/raw/175-70-r13/pneu-17570r13-goodyear-assurance_20250808_140432.csv,user/Desktop/Precificação_AI/Scraper_em_geral/MagazineLuiza/data/raw/175-70-r13/pneu-17570r13-goodyear-assurance_20250811_125021.csv,user/Desktop/Precificação_AI/Scraper_em_geral/MagazineLuiza/data/raw/175-70-r13/pneu-17570r13-goodyear-assurance_20250814_121354.csv,user/Desktop/Precificação_AI/Scraper_em_geral/mercadolivre/data/JSON/pneu-175-70-r13-goodyear-assurance_20250729_083740.json,user/Desktop/Precificação_AI/Scraper_em_geral/mercadolivre/data/JSON/pneu-175-70-r13-goodyear-goodyear-assurance_20250730_093615.json,user/Desktop/Precificação_AI/Scraper_em_geral/mercadolivre/data/raw/175-70-r13/pneu-175-70-r13-formula-energy_20250808_113705.csv,user/Desktop/Precificação_AI/Scraper_em_geral/mercadolivre/data/raw/175-70-r13/pneu-175-70-r13-goodyear-assurance_20250808_114317.csv,user/Desktop/Precificação_AI/Scraper_em_geral/mercadolivre/data/raw/175-70-r13/pneu-175-70-r13-goodyear-assurance_20250811_131028.csv,user/Desktop/Precificação_AI/Scraper_em_geral/mercadolivre/data/raw/175-70-r13/pneu-175-70-r13-goodyear-assurance_20250814_141714.csv,user/Desktop/Precificação_AI/data/processed/marketplaces.db,user/Desktop/Precificação_AI/data/processed/mercadolivre/pricing_20250722_142324.json"
goodyear|175/70R14|assurance,goodyear,assurance,175/70R14,217,"magazineluiza,mercadolivre,pneustore",446.41,747.0,601.0804147465437,609.0,503.646,685.6899999999999,605.0264739884394,"user/Desktop/Precificação_AI/Scraper_em_geral/MagazineLuiza/data/raw/175-70-r14/pneu-175-70-r14-goodyear-assurance_20250801_094759.csv,user/Desktop/Precificação_AI/Scraper_em_geral/MagazineLuiza/data/raw/175-70-r14/pneu-17570r14-goodyear-assurance_20250807_144648.json,user/Desktop/Precificação_AI/Scraper_em_geral/MagazineLuiza/data/raw/175-70-r14/pneu-17570r14-goodyear-assurance_20250808_142146.csv,user/Desktop/Precificação_AI/Scraper_em_geral/MagazineLuiza/data/raw/175-70-r14/pneu-17570r14-goodyear-assurance_20250811_131411.csv,user/Desktop/Precificação_AI/Scraper_em_geral/MagazineLuiza/data/raw/175-70-r14/pneu-17570r14-goodyear-assurance_20250814_122302.csv,user/Desktop/Precificação_AI/Scraper_em_geral/mercadolivre/data/JSON/pneu-175-70-r14-goodyear-goodyear-assurance_20250801_095627.json,user/Desktop/Precificação_AI/Scraper_em_geral/mercadolivre/data/raw/175-70-r14/pneu-175-70-r14-goodyear-assurance_20250808_115156.csv,user/Desktop/Precificação_AI/Scraper_em_geral/mercadolivre/data/raw/175-70-r14/pneu-175-70-r14-goodyear-assurance_20250811_132109.csv,user/Desktop/Precificação_AI/Scraper_em_geral/mercadolivre/data/raw/175-70-r14/pneu-175-70-r14-goodyear-assurance_20250814_142658.csv,user/Desktop/Precificação_AI/Scraper_em_geral/mercadolivre/data/raw/175-70-r14/pneu-175-70-r14-goodyear-goodyear-assurance_20250805_124827.json,user/Desktop/Precificação_AI/Scraper_em_geral/pneustore/dados/raw/175-70-r14/pneu-17570r14-goodyear-assurance_20250811_134909.csv"
goodyear|185/65R14|assurance,goodyear,assurance,185/65R14,107,"magazineluiza,mercadolivre",140.0,787.88,625.6497196261682,648.54,523.2940000000001,749.6,649.6788372093023,"user/Desktop/Precificação_AI/Scraper_em_geral/MagazineLuiza/data/raw/185-65-r14/pneu-185-65-r14-goodyear-assurance_20250804_143520.json,user/Desktop/Precificação_AI/Scraper_em_geral/MagazineLuiza/data/raw/185-65-r14/pneu-18565r14-goodyear-assurance_20250807_153355.json,user/Desktop/Precificação_AI/Scraper_em_geral/MagazineLuiza/data/raw/185-65-r14/pneu-18565r14-goodyear-assurance_20250808_151204.csv,user/Desktop/Precificação_AI/Scraper_em_geral/mercadolivre/data/raw/185-65-r14/pneu-185-65-r14-goodyear-assurance_20250808_121450.csv,user/Desktop/Precificação_AI/Scraper_em_geral/mercadolivre/data/raw/185-65-r14/pneu-185-65-r14-goodyear-assurance_20250811_135043.csv,user/Desktop/Precificação_AI/Scraper_em_geral/mercadolivre/data/raw/185-65-r14/pneu-185-65-r14-goodyear-assurance_20250814_145800.csv"
goodyear|185/70R14|assurance,goodyear,assurance,185/70R14,134,"magazineluiza,mercadolivre,pneustore",130.0,842.1,611.8345522388058,619.09,512.918,725.981,615.9710377358491,"user/Desktop/Precificação_AI/Scraper_em_geral/MagazineLuiza/data/raw/185-70-r14/pneu-185-70-r14-goodyear-assurance_20250804_154827.json,user/Desktop/Precificação_AI/Scraper_em_geral/MagazineLuiza/data/raw/185-70-r14/pneu-18570r14-goodyear-assurance_20250807_160047.json,user/Desktop/Precificação_AI/Scraper_em_geral/MagazineLuiza/data/raw/185-70-r14/pneu-18570r14-goodyear-assurance_20250808_154232.csv,user/Desktop/Precificação_AI/Scraper_em_geral/MagazineLuiza/data/raw/185-70-r14/pneu-18570r14-goodyear-assurance_20250811_144340.csv,user/Desktop/Precificação_AI/Scraper_em_geral/mercadolivre/data/raw/185-70-r14/pneu-185-70-r14-goodyear-assurance_20250808_123227.csv,user/Desktop/Precificação_AI/Scraper_em_geral/mercadolivre/data/raw/185-70-r14/pneu-185-70-r14-goodyear-assurance_20250811_141506.csv,user/Desktop/Precificação_AI/Scraper_em_geral/mercadolivre/data/raw/185-70-r14/pneu-185-70-r14-goodyear-assurance_20250814_151738.csv,user/Desktop/Precificação_AI/Scraper_em_geral/pneustore/dados/raw/185-70-r14/pneu-18570r14-goodyear-assurance_20250811_150650.csv"
goodyear||assurance,goodyear,assurance,,3,mercadolivre,100.0,779.23,532.3000000000001,717.67,223.534,766.918,717.67,"user/Desktop/Precificação_AI/Scraper_em_geral/mercadolivre/data/raw/185-65-r14/pneu-185-65-r14-goodyear-assurance_20250811_135043.csv,user/Desktop/Precificação_AI/Scraper_em_geral/mercadolivre/data/raw/185-70-r14/pneu-185-70-r14-goodyear-assurance_20250811_141506.csv"
goodyear|165/70R13|assurance maxlife,goodyear,assurance maxlife,165/70R13,15,magazineluiza,391.61,465.02,423.7453333333333,429.9,391.61,465.02,423.7453333333333,"user/Desktop/Precificação_AI/Scraper_em_geral/MagazineLuiza/data/raw/165-70-r13/pneu-16570r13-goodyear-assurance_20250811_120200.csv,user/Desktop/Precificação_AI/Scraper_em_geral/MagazineLuiza/data/raw/165-70-r13/pneu-16570r13-goodyear-assurance_20250814_113636.csv"
goodyear|165/70R14|assurance maxlife,goodyear,assurance maxlife,165/70R14,18,magazineluiza,406.48,692.71,530.5927777777777,526.0,406.48,658.07,521.0564705882352,"user/Desktop/Precificação_AI/Scraper_em_geral/MagazineLuiza/data/raw/165-70-r14/pneu-16570r14-goodyear-assurance_20250811_120454.csv,user/Desktop/Precificação_AI/Scraper_em_geral/MagazineLuiza/data/raw/165-70-r14/pneu-16570r14-goodyear-assurance_20250814_114819.csv"
goodyear|175/65R14|assurance maxlife,goodyear,assurance maxlife,175/65R14,11,magazineluiza,361.85,435.02,392.3054545454546,361.85,361.85,435.02,392.3054545454546,"user/Desktop/Precificação_AI/Scraper_em_geral/MagazineLuiza/data/raw/175-65-r14/pneu-17565r14-goodyear-assurance_20250811_123156.csv,user/Desktop/Precificação_AI/Scraper_em_geral/MagazineLuiza/data/raw/175-65-r14/pneu-17565r14-goodyear-assurance_20250814_120329.csv"
goodyear|175/70R13|assurance maxlife,goodyear,assurance maxlife,175/70R13,12,magazineluiza,396.57,469.0,434.10833333333335,440.9,396.57,462.01,430.93636363636364,"user/Desktop/Precificação_AI/Scraper_em_geral/MagazineLuiza/data/raw/175-70-r13/pneu-17570r13-goodyear-assurance_20250811_125021.csv,user/Desktop/Precificação_AI/Scraper_em_geral/MagazineLuiza/data/raw/175-70-r13/pneu-17570r13-goodyear-assurance_20250814_121354.csv"
goodyear|175/70R14|assurance maxlife,goodyear,assurance maxlife,175/70R14,29,magazineluiza,446.41,735.75,554.9762068965518,535.03,446.41,687.874,535.5153846153846,"user/Desktop/Precificação_AI/Scraper_em_geral/MagazineLuiza/data/raw/175-70-r14/pneu-17570r14-goodyear-assurance_20250811_131411.csv,user/Desktop/Precificação_AI/Scraper_em_geral/MagazineLuiza/data/raw/175-70-r14/pneu-17570r14-goodyear-assurance_20250814_122302.csv"
goodyear|185/65R14|assurance maxlife,goodyear,assurance maxlife,185/65R14,15,magazineluiza,495.73,787.88,639.6853333333332,594.01,495.73,787.88,639.6853333333332,"user/Desktop/Precificação_AI/Scraper_em_geral/MagazineLuiza/data/raw/185-65-r14/pneu-18565r14-goodyear-assurance_20250811_140659.csv,user/Desktop/Precificação_AI/Scraper_em_geral/MagazineLuiza/data/raw/185-65-r14/pneu-18565r14-goodyear-assurance_20250814_124753.csv"
goodyear|185/70R14|assurance maxlife,goodyear,assurance maxlife,185/70R14,8,magazineluiza,505.66,659.99,579.5174999999999,576.21,505.66,659.99,579.5174999999999,user/Desktop/Precificação_AI/Scraper_em_geral/MagazineLuiza/data/raw/185-70-r14/pneu-18570r14-goodyear-assurance_20250811_144340.csv
goodyear|175/65R14|direction,goodyear,direction,175/65R14,94,"magazineluiza,mercadolivre",316.12,927.92,433.5993617021277,405.65,377.09999999999997,522.107,417.2905405405405,"user/Desktop/Precificação_AI/Scraper_em_geral/MagazineLuiza/data/raw/175-65-r14/pneu-175-65-r14-goodyear-direction_20250804_095836.json,user/Desktop/Precificação_AI/Scraper_em_geral/MagazineLuiza/data/raw/175-65-r14/pneu-17565r14-goodyear-direction_20250807_140224.json,user/Desktop/Precificação_AI/Scraper_em_geral/MagazineLuiza/data/raw/175-65-r14/pneu-17565r14-goodyear-direction_20250808_133744.csv,user/Desktop/Precificação_AI/Scraper_em_geral/MagazineLuiza/data/raw/175-65-r14/pneu-17565r14-goodyear-direction_20250811_121845.csv,user/Desktop/Precificação_AI/Scraper_em_geral/MagazineLuiza/data/raw/175-65-r14/pneu-17565r14-goodyear-direction_20250814_115623.csv,user/Desktop/Precificação_AI/Scraper_em_geral/mercadolivre/data/raw/175-65-r14/pneu-175-65-r14-goodyear-direction_20250808_112624.csv,user/Desktop/Precificação_AI/Scraper_em_geral/mercadolivre/data/raw/175-65-r14/pneu-175-65-r14-goodyear-direction_20250811_124917.csv,user/Desktop/Precificação_AI/Scraper_em_geral/mercadolivre/data/raw/175-65-r14/pneu-175-65-r14-goodyear-direction_20250814_135705.csv"
goodyear|175/70R13|direction,goodyear,direction,175/70R13,14,"magazineluiza,mercadolivre",300.6,3454.8,805.8735714285714,331.505,319.0,2571.5100000000034,370.18454545454546,"user/Desktop/Precificação_AI/ETL/data/raw/mercadolivre/pneu-175-70-r13-goodyear-assurance_20250721_153126.json,user/Desktop/Precificação_AI/ETL/data/raw/mercadolivre/pneu-175-70-r13-goodyear-assurance_20250723_084127.json,user/Desktop/Precificação_AI/ETL/data/raw/mercadolivre/pneu-175-70-r13-goodyear-assurance_20250724_095414.json,user/Desktop/Precificação_AI/ETL/data/raw/mercadolivre/pneu-175-70-r13-goodyear-assurance_20250725_084053.json,user/Desktop/Precificação_AI/Scraper_em_geral/MagazineLuiza/data/raw/175-70-r13/pneu-175-70-r13-goodyear_20250806_233324.csv,user/Desktop/Precificação_AI/Scraper_em_geral/mercadolivre/data/JSON/pneu-175-70-r13-goodyear-assurance_20250729_083740.json,user/Desktop/Precificação_AI/Scraper_em_geral/mercadolivre/data/raw/175-70-r13/pneu-175-70-r13-formula-energy_20250808_113705.csv,user/Desktop/Precificação_AI/data/processed/marketplaces.db,user/Desktop/Precificação_AI/data/processed/mercadolivre/pricing_20250722_142324.json"
goodyear|185/65R14|direction,goodyear,direction,185/65R14,1,magazineluiza,449.9,449.9,449.9,449.9,449.9,449.9,449.9,user/Desktop/Precificação_AI/Scraper_em_geral/MagazineLuiza/data/raw/185-65-r14/pneu-18565r14-goodyear-kelly_20250811_140930.csv
goodyear|185/70R14|direction,goodyear,direction,185/70R14,1,magazineluiza,469.9,469.9,469.9,469.9,469.9,469.9,469.9,user/Desktop/Precificação_AI/Scraper_em_geral/MagazineLuiza/data/raw/185-70-r14/pneu-18570r14-goodyear-kelly_20250811_144617.csv
goodyear|195/55R16|direction,goodyear,direction,195/55R16,2,mercadolivre,696.99,750.99,723.99,723.99,702.39,745.59,,user/Desktop/Precificação_AI/Scraper_em_geral/mercadolivre/data/raw/195-55-r16/pneu-195-55-r16-goodyear-eagle_20250808_130848.csv
goodyear|195/60R15|direction,goodyear,direction,195/60R15,1,magazineluiza,489.9,489.9,489.9,489.9,489.9,489.9,489.9,user/Desktop/Precificação_AI/Scraper_em_geral/MagazineLuiza/data/raw/195-60-r15/pneu-19560r15-goodyear-kelly_20250811_164142.csv
goodyear|205/55R16|direction,goodyear,direction,205/55R16,1,mercadolivre,498.85,498.85,498.85,498.85,498.85,498.85,498.85,user/Desktop/Precificação_AI/Scraper_em_geral/mercadolivre/data/raw/205-55-r16/pneu-205-55-r16-goodyear-eagle_20250808_135018.csv
goodyear|205/65R15|direction,goodyear,direction,205/65R15,29,"magazineluiza,mercadolivre,pneustore",410.57,933.96,755.8824137931034,825.02,567.9,930.93,778.748,"user/Desktop/Precificação_AI/Scraper_em_geral/MagazineLuiza/data/raw/205-65-r15/pneu-20565r15-goodyear-direction_20250811_185657.csv,user/Desktop/Precificação_AI/Scraper_em_geral/MagazineLuiza/data/raw/205-65-r15/pneu-20565r15-goodyear-direction_20250814_141806.csv,user/Desktop/Precificação_AI/Scraper_em_geral/mercadolivre/data/raw/205-65-r15/pneu-205-65-r15-goodyear-direction_20250811_163916.csv,user/Desktop/Precificação_AI/Scraper_em_geral/pneustore/dados/raw/205-65-r15/pneu-20565r15-goodyear-direction_20250811_191151.csv"
goodyear||direction,goodyear,direction,,4,mercadolivre,270.0,790.9,412.45,294.45,275.96999999999997,643.33,294.45,"user/Desktop/Precificação_AI/Scraper_em_geral/mercadolivre/data/raw/175-65-r14/pneu-175-65-r14-goodyear-direction_20250811_124917.csv,user/Desktop/Precificação_AI/Scraper_em_geral/mercadolivre/data/raw/175-65-r14/pneu-175-65-r14-goodyear-direction_20250814_135705.csv"
goodyear||eagle,goodyear,eagle,,29,mercadolivre,598.0,1215.0,930.0951724137932,966.44,687.94,1197.0,930.8223999999999,"user/Desktop/Precificação_AI/Scraper_em_geral/mercadolivre/data/raw/185-60-r15/pneu-185-60-r15-goodyear-eagle_20250808_121123.csv,user/Desktop/Precificação_AI/Scraper_em_geral/mercadolivre/data/raw/185-65-r15/pneu-185-65-r15-goodyear-eagle_20250808_122324.csv,user/Desktop/Precificação_AI/Scraper_em_geral/mercadolivre/data/raw/205-50-r17/pneu-205-50-r17-goodyear-eagle_20250808_133313.csv"
goodyear|185/55R16|eagle,goodyear,eagle,185/55R16,50,"magazineluiza,mercadolivre",90.0,864.18,722.5720000000001,726.37,627.574,851.72,752.9306976744186,"user/Desktop/Precificação_AI/Scraper_em_geral/MagazineLuiza/data/raw/185-55-r16/pneu-18555r16-goodyear-eagle_20250811_132710.csv,user/Desktop/Precificação_AI/Scraper_em_geral/MagazineLuiza/data/raw/185-55-r16/pneu-18555r16-goodyear-eagle_20250814_122930.csv,user/Desktop/Precificação_AI/Scraper_em_geral/mercadolivre/data/raw/185-55-r16/pneu-185-55-r16-goodyear-eagle_20250811_132829.csv,user/Desktop/Precificação_AI/Scraper_em_geral/mercadolivre/data/raw/185-55-r16/pneu-185-55-r16-goodyear-eagle_20250814_143542.csv"
goodyear|185/60R15|eagle,goodyear,eagle,185/60R15,82,"magazineluiza,mercadolivre",490.0,799.0,652.9091463414634,659.48,531.91,749.0,652.0155882352942,"user/Desktop/Precificação_AI/Scraper_em_geral/MagazineLuiza/data/raw/185-60-r15/pneu-18560r15-goodyear-eagle_20250811_135822.csv,user/Desktop/Precificação_AI/Scraper_em_geral/MagazineLuiza/data/raw/185-60-r15/pneu-18560r15-goodyear-eagle_20250814_124426.csv,user/Desktop/Precificação_AI/Scraper_em_geral/mercadolivre/data/raw/185-60-r15/pneu-185-60-r15-goodyear-eagle_20250808_121123.csv,user/Desktop/Precificação_AI/Scraper_em_geral/mercadolivre/data/raw/185-60-r15/pneu-185-60-r15-goodyear-eagle_20250811_134610.csv,user/Desktop/Precificação_AI/Scraper_em_geral/mercadolivre/data/raw/185-60-r15/pneu-185-60-r15-goodyear-eagle_20250814_145335.csv"
goodyear|185/65R15|eagle,goodyear,eagle,185/65R15,176,"magazineluiza,mercadolivre",530.44,885.99,703.290625,706.65,587.065,787.58,708.1007746478873,"user/Desktop/Precificação_AI/Scraper_em_geral/MagazineLuiza/data/raw/185-65-r15/pneu-18565r15-goodyear-eagle_20250807_154742.json,user/Desktop/Precificação_AI/Scraper_em_geral/MagazineLuiza/data/raw/185-65-r15/pneu-18565r15-goodyear-eagle_20250808_152636.csv,user/Desktop/Precificação_AI/Scraper_em_geral/MagazineLuiza/data/raw/185-65-r15/pneu-18565r15-goodyear-eagle_20250811_142643.csv,user/Desktop/Precificação_AI/Scraper_em_geral/MagazineLuiza/data/raw/185-65-r15/pneu-18565r15-goodyear-eagle_20250814_125623.csv,user/Desktop/Precificação_AI/Scraper_em_geral/mercadolivre/data/raw/185-65-r15/pneu-185-65-r15-goodyear-eagle_20250808_122324.csv,user/Desktop/Precificação_AI/Scraper_em_geral/mercadolivre/data/raw/185-65-r15/pneu-185-65-r15-goodyear-eagle_20250811_140156.csv,user/Desktop/Precificação_AI/Scraper_em_geral/mercadolivre/data/raw/185-65-r15/pneu-185-65-r15-goodyear-eagle_20250814_150806.csv"
goodyear|195/55R15|eagle,goodyear,eagle,195/55R15,85,"magazineluiza,mercadolivre",190.0,859.99,665.8881176470588,686.97,557.4000000000001,770.0600000000004,675.1408955223882,"user/Desktop/Precificação_AI/Scraper_em_geral/MagazineLuiza/data/raw/195-55-r15/pneu-19555r15-goodyear-eagle_20250811_151634.csv,user/Desktop/Precificação_AI/Scraper_em_geral/MagazineLuiza/data/raw/195-55-r15/pneu-19555r15-goodyear-eagle_20250814_130825.csv,user/Desktop/Precificação_AI/Scraper_em_geral/mercadolivre/data/raw/195-55-r15/pneu-195-55-r15-goodyear-eagle_20250808_124910.csv,user/Desktop/Precificação_AI/Scraper_em_geral/mercadolivre/data/raw/195-55-r15/pneu-195-55-r15-goodyear-eagle_20250811_143649.csv,user/Desktop/Precificação_AI/Scraper_em_geral/mercadolivre/data/raw/195-55-r15/pneu-195-55-r15-goodyear-eagle_20250814_153907.csv"
goodyear|195/55R16|eagle,goodyear,eagle,195/55R16,111,"magazineluiza,mercadolivre,pneustore",120.0,1299.0,787.8019819819821,787.08,650.03,1089.0,790.9148351648354,"user/Desktop/Precificação_AI/Scraper_em_geral/MagazineLuiza/data/raw/195-55-r16/pneu-19555r16-goodyear-eagle_20250811_162820.csv,user/Desktop/Precificação_AI/Scraper_em_geral/mercadolivre/data/raw/195-55-r16/pneu-195-55-r16-goodyear-eagle_20250808_130848.csv,user/Desktop/Precificação_AI/Scraper_em_geral/mercadolivre/data/raw/195-55-r16/pneu-195-55-r16-goodyear-eagle_20250811_150432.csv,user/Desktop/Precificação_AI/Scraper_em_geral/mercadolivre/data/raw/195-55-r16/pneu-195-55-r16-goodyear-eagle_20250814_160325.csv,user/Desktop/Precificação_AI/Scraper_em_geral/pneustore/dados/raw/195-55-r16/pneu-19555r16-goodyear-eagle_20250811_165605.csv"
goodyear|195/65R15|eagle,goodyear,eagle,195/65R15,56,"magazineluiza,mercadolivre",119.99,789.89,647.1489285714285,672.1949999999999,562.365,752.93,674.5889130434783,"user/Desktop/Precificação_AI/Scraper_em_geral/MagazineLuiza/data/raw/195-65-r15/pneu-19565r15-goodyear-eagle_20250811_172714.csv,user/Desktop/Precificação_AI/Scraper_em_geral/MagazineLuiza/data/raw/195-65-r15/pneu-19565r15-goodyear-eagle_20250814_133616.csv,user/Desktop/Precificação_AI/Scraper_em_geral/mercadolivre/data/raw/195-65-r15/pneu-195-65-r15-goodyear-eagle_20250811_152823.csv,user/Desktop/Precificação_AI/Scraper_em_geral/mercadolivre/data/raw/195-65-r15/pneu-195-65-r15-goodyear-eagle_20250814_162201.csv"
goodyear|205/50R17|eagle,goodyear,eagle,205/50R17,72,"magazineluiza,mercadolivre",500.0,1189.0,1029.582638888889,1060.0,929.797,1128.6,1052.9703448275861,"user/Desktop/Precificação_AI/Scraper_em_geral/MagazineLuiza/data/raw/205-50-r17/pneu-20550r17-goodyear-eagle_20250808_090305.json,user/Desktop/Precificação_AI/Scraper_em_geral/MagazineLuiza/data/raw/205-50-r17/pneu-20550r17-goodyear-eagle_20250811_174332.csv,user/Desktop/Precificação_AI/Scraper_em_geral/mercadolivre/data/raw/205-50-r17/pneu-205-50-r17-goodyear-eagle_20250808_133313.csv,user/Desktop/Precificação_AI/Scraper_em_geral/mercadolivre/data/raw/205-50-r17/pneu-205-50-r17-goodyear-eagle_20250811_153954.csv,user/Desktop/Precificação_AI/Scraper_em_geral/mercadolivre/data/raw/205-50-r17/pneu-205-50-r17-goodyear-eagle_20250814_163028.csv"
goodyear|205/55R16|eagle,goodyear,eagle,205/55R16,68,"magazineluiza,mercadolivre,pneustore",157.5,1212.35,565.2844117647059,560.41,459.092,666.6,568.1456363636363,"user/Desktop/Precificação_AI/Scraper_em_geral/MagazineLuiza/data/raw/205-55-r16/pneu-20555r16-goodyear-eagle_20250811_182524.csv,user/Desktop/Precificação_AI/Scraper_em_geral/MagazineLuiza/data/raw/205-55-r16/pneu-20555r16-goodyear-eagle_20250814_135943.csv,user/Desktop/Precificação_AI/Scraper_em_geral/mercadolivre/data/raw/205-55-r16/pneu-205-55-r16-goodyear-eagle_20250811_160426.csv,user/Desktop/Precificação_AI/Scraper_em_geral/pneustore/dados/raw/205-55-r16/pneu-20555r16-goodyear-eagle_20250811_183149.csv"
goodyear||eagle,goodyear,eagle,,77,mercadolivre,130.0,1210.0,864.2011688311688,867.46,649.0,1195.2,864.2514516129032,"user/Desktop/Precificação_AI/Scraper_em_geral/mercadolivre/data/raw/185-60-r15/pneu-185-60-r15-goodyear-eagle_20250811_134610.csv,user/Desktop/Precificação_AI/Scraper_em_geral/mercadolivre/data/raw/185-60-r15/pneu-185-60-r15-goodyear-eagle_20250814_145335.csv,user/Desktop/Precificação_AI/Scraper_em_geral/mercadolivre/data/raw/185-65-r15/pneu-185-65-r15-goodyear-eagle_20250811_140156.csv,user/Desktop/Precificação_AI/Scraper_em_geral/mercadolivre/data/raw/185-65-r15/pneu-185-65-r15-goodyear-eagle_20250814_150806.csv,user/Desktop/Precificação_AI/Scraper_em_geral/mercadolivre/data/raw/195-55-r16/pneu-195-55-r16-goodyear-eagle_20250811_150432.csv,user/Desktop/Precificação_AI/Scraper_em_geral/mercadolivre/data/raw/195-55-r16/pneu-195-55-r16-goodyear-eagle_20250814_160325.csv,user/Desktop/Precificação_AI/Scraper_em_geral/mercadolivre/data/raw/205-50-r17/pneu-205-50-r17-goodyear-eagle_20250811_153954.csv,user/Desktop/Precificação_AI/Scraper_em_geral/mercadolivre/data/raw/205-50-r17/pneu-205-50-r17-goodyear-eagle_20250814_163028.csv,user/Desktop/Precificação_AI/Scraper_em_geral/mercadolivre/data/raw/205-55-r16/pneu-205-55-r16-goodyear-eagle_20250811_160426.csv"
goodyear||eagle sport,goodyear,eagle sport,,17,"magazineluiza,mercadolivre",130.0,711.33,520.5894117647058,559.9,385.06600000000003,606.36,554.0607692307691,"user/Desktop/Precificação_AI/Scraper_em_geral/MagazineLuiza/data/raw/185-60-r15/pneu-185-60-r15-goodyear-eagle-sport_20250804_141236.json,user/Desktop/Precificação_AI/Scraper_em_geral/MagazineLuiza/data/raw/185-60-r15/pneu-18560r15-goodyear-eagle_20250807_152531.json,user/Desktop/Precificação_AI/Scraper_em_geral/MagazineLuiza/data/raw/185-60-r15/pneu-18560r15-goodyear-eagle_20250808_150337.csv,user/Desktop/Precificação_AI/Scraper_em_geral/MagazineLuiza/data/raw/185-65-r15/pneu-185-65-r15-goodyear-eagle-sport_20250804_150653.json,user/Desktop/Precificação_AI/Scraper_em_geral/MagazineLuiza/data/raw/185-65-r15/pneu-18565r15-goodyear-eagle_20250807_154742.json,user/Desktop/Precificação_AI/Scraper_em_geral/MagazineLuiza/data/raw/185-65-r15/pneu-18565r15-goodyear-eagle_20250808_152636.csv,user/Desktop/Precificação_AI/Scraper_em_geral/MagazineLuiza/data/raw/195-65-r15/pneu-19565r15-goodyear-eagle_20250808_085108.json,user/Desktop/Precificação_AI/Scraper_em_geral/MagazineLuiza/data/raw/205-55-r16/pneu-20555r16-goodyear-eagle_20250808_093626.json,user/Desktop/Precificação_AI/Scraper_em_geral/mercadolivre/data/raw/185-60-r15/pneu-185-60-r15-goodyear-eagle_20250808_121123.csv,user/Desktop/Precificação_AI/Scraper_em_geral/mercadolivre/data/raw/185-65-r15/pneu-185-65-r15-goodyear-eagle_20250808_122324.csv,user/Desktop/Precificação_AI/Scraper_em_geral/mercadolivre/data/raw/205-55-r16/pneu-205-55-r16-goodyear-eagle_20250808_135018.csv"
goodyear|185/55R16|eagle sport,goodyear,eagle sport,185/55R16,32,"magazineluiza,mercadolivre",90.0,864.18,704.948125,715.03,614.74,849.3750000000001,705.5844444444444,"user/Desktop/Precificação_AI/Scraper_em_geral/MagazineLuiza/data/raw/185-55-r16/pneu-18555r16-goodyear-eagle_20250807_145755.json,user/Desktop/Precificação_AI/Scraper_em_geral/MagazineLuiza/data/raw/185-55-r16/pneu-18555r16-goodyear-eagle_20250808_143156.csv,user/Desktop/Precificação_AI/Scraper_em_geral/mercadolivre/data/raw/185-55-r16/pneu-185-55-r16-goodyear-eagle_20250808_115848.csv"
goodyear|185/60R15|eagle sport,goodyear,eagle sport,185/60R15,48,"magazineluiza,mercadolivre",490.0,759.54,631.2395833333334,659.48,505.66,714.83,638.5814285714287,"user/Desktop/Precificação_AI/Scraper_em_geral/MagazineLuiza/data/raw/185-60-r15/pneu-185-60-r15-goodyear-eagle-sport_20250804_141236.json,user/Desktop/Precificação_AI/Scraper_em_geral/MagazineLuiza/data/raw/185-60-r15/pneu-18560r15-goodyear-eagle_20250807_152531.json,user/Desktop/Precificação_AI/Scraper_em_geral/MagazineLuiza/data/raw/185-60-r15/pneu-18560r15-goodyear-eagle_20250808_150337.csv,user/Desktop/Precificação_AI/Scraper_em_geral/mercadolivre/data/raw/185-60-r15/pneu-185-60-r15-goodyear-eagle_20250808_121123.csv"
goodyear|185/65R15|eagle sport,goodyear,eagle sport,185/65R15,42,"magazineluiza,mercadolivre",530.44,817.94,678.2480952380952,685.59,569.198,738.01,685.9460606060607,"user/Desktop/Precificação_AI/Scraper_em_geral/MagazineLuiza/data/raw/185-65-r15/pneu-185-65-r15-goodyear-eagle-sport_20250804_150653.json,user/Desktop/Precificação_AI/Scraper_em_geral/MagazineLuiza/data/raw/185-65-r15/pneu-18565r15-goodyear-eagle_20250807_154742.json,user/Desktop/Precificação_AI/Scraper_em_geral/MagazineLuiza/data/raw/185-65-r15/pneu-18565r15-goodyear-eagle_20250808_152636.csv,user/Desktop/Precificação_AI/Scraper_em_geral/mercadolivre/data/raw/185-65-r15/pneu-185-65-r15-goodyear-eagle_20250808_122324.csv"
goodyear|195/55R15|eagle sport,goodyear,eagle sport,195/55R15,47,"magazineluiza,mercadolivre",190.0,789.44,638.89,662.15,505.66,740.99,638.8258139534884,"user/Desktop/Precificação_AI/Scraper_em_geral/MagazineLuiza/data/raw/195-55-r15/pneu-195-55-r15-goodyear-eagle_20250805_100418.json,user/Desktop/Precificação_AI/Scraper_em_geral/MagazineLuiza/data/raw/195-55-r15/pneu-19555r15-goodyear-eagle_20250807_162146.json,user/Desktop/Precificação_AI/Scraper_em_geral/MagazineLuiza/data/raw/195-55-r15/pneu-19555r15-goodyear-eagle_20250808_160909.csv,user/Desktop/Precificação_AI/Scraper_em_geral/mercadolivre/data/raw/195-55-r15/pneu-195-55-r15-goodyear-eagle_20250808_124910.csv"
goodyear|195/55R16|eagle sport,goodyear,eagle sport,195/55R16,17,"magazineluiza,mercadolivre",609.77,868.05,727.8135294117646,716.51,633.9259999999999,855.726,724.3992307692308,"user/Desktop/Precificação_AI/Scraper_em_geral/MagazineLuiza/data/raw/195-55-r16/pneu-19555r16-goodyear-eagle_20250808_164906.csv,user/Desktop/Precificação_AI/Scraper_em_geral/mercadolivre/data/raw/195-55-r16/pneu-195-55-r16-goodyear-eagle_20250808_130848.csv"
goodyear|195/65R15|eagle sport,goodyear,eagle sport,195/65R15,25,"magazineluiza,mercadolivre",545.32,789.89,675.2156,676.65,595.85,752.93,678.2395238095238,"user/Desktop/Precificação_AI/Scraper_em_geral/MagazineLuiza/data/raw/195-65-r15/pneu-19565r15-goodyear-eagle_20250808_085108.json,user/Desktop/Precificação_AI/Scraper_em_geral/mercadolivre/data/raw/195-65-r15/pneu-195-65-r15-goodyear-eagle_20250808_132655.csv"
goodyear|205/55R16|eagle sport,goodyear,eagle sport,205/55R16,43,"magazineluiza,mercadolivre",157.5,790.99,557.089534883721,584.18,461.03,666.6,572.3105714285715,"user/Desktop/Precificação_AI/Scraper_em_geral/MagazineLuiza/data/raw/205-55-r16/pneu-20555r16-goodyear-eagle_20250808_093626.json,user/Desktop/Precificação_AI/Scraper_em_geral/mercadolivre/data/raw/205-55-r16/pneu-205-55-r16-goodyear-eagle_20250808_135018.csv"
goodyear||efficientgrip,goodyear,efficientgrip,,53,"magazineluiza,mercadolivre",555.93,1031.0,783.6124528301887,787.08,654.874,896.99,784.1456097560975,"user/Desktop/Precificação_AI/Scraper_em_geral/MagazineLuiza/data/raw/195-65-r15/pneu-19565r15-goodyear-efficientgrip_20250808_085449.json,user/Desktop/Precificação_AI/Scraper_em_geral/mercadolivre/data/raw/195-55-r15/pneu-195-55-r15-goodyear-efficientgrip_20250808_125215.csv,user/Desktop/Precificação_AI/Scraper_em_geral/mercadolivre/data/raw/195-55-r16/pneu-195-55-r16-goodyear-eagle_20250808_130848.csv,user/Desktop/Precificação_AI/Scraper_em_geral/mercadolivre/data/raw/195-65-r15/pneu-195-65-r15-goodyear-efficientgrip_20250808_132901.csv,user/Desktop/Precificação_AI/Scraper_em_geral/mercadolivre/data/raw/205-60-r15/pneu-205-60-r15-goodyear-efficientgrip_20250808_135632.csv"
goodyear|175/70R14|efficientgrip,goodyear,efficientgrip,175/70R14,2,mercadolivre,634.38,634.38,634.38,634.38,634.38,634.38,634.38,"user/Desktop/Precificação_AI/Scraper_em_geral/mercadolivre/data/JSON/pneu-175-70-r14-goodyear-goodyear-assurance_20250801_095627.json,user/Desktop/Precificação_AI/Scraper_em_geral/mercadolivre/data/raw/175-70-r14/pneu-175-70-r14-goodyear-goodyear-assurance_20250805_124827.json"
goodyear|195/55R15|efficientgrip,goodyear,efficientgrip,195/55R15,138,"magazineluiza,mercadolivre",349.0,957.64,710.3877536231885,728.88,583.289,853.95,715.2834821428571,"user/Desktop/Precificação_AI/Scraper_em_geral/MagazineLuiza/data/raw/195-55-r15/pneu-195-55-r15-goodyear-efficient_20250805_100907.json,user/Desktop/Precificação_AI/Scraper_em_geral/MagazineLuiza/data/raw/195-55-r15/pneu-19555r15-goodyear-efficientgrip_20250807_162448.json,user/Desktop/Precificação_AI/Scraper_em_geral/MagazineLuiza/data/raw/195-55-r15/pneu-19555r15-goodyear-efficientgrip_20250808_161225.csv,user/Desktop/Precificação_AI/Scraper_em_geral/MagazineLuiza/data/raw/195-55-r15/pneu-19555r15-goodyear-efficientgrip_20250811_152119.csv,user/Desktop/Precificação_AI/Scraper_em_geral/mercadolivre/data/raw/195-55-r15/pneu-195-55-r15-goodyear-efficientgrip_20250808_125215.csv,user/Desktop/Precificação_AI/Scraper_em_geral/mercadolivre/data/raw/195-55-r15/pneu-195-55-r15-goodyear-efficientgrip_20250811_143942.csv,user/Desktop/Precificação_AI/Scraper_em_geral/mercadolivre/data/raw/195-55-r15/pneu-195-55-r15-goodyear-efficientgrip_20250814_154143.csv"
goodyear|195/55R16|efficientgrip,goodyear,efficientgrip,195/55R16,29,mercadolivre,120.0,1190.0,788.5551724137932,790.31,717.9820000000001,938.2319999999999,800.7178260869565,user/Desktop/Precificação_AI/Scraper_em_geral/mercadolivre/data/raw/195-55-r16/pneu-195-55-r16-goodyear-eagle_20250808_130848.csv
goodyear|195/60R15|efficientgrip,goodyear,efficientgrip,195/60R15,67,"magazineluiza,mercadolivre,pneustore",498.57,860.69,691.534328358209,679.01,626.96,762.72,693.1780357142858,"user/Desktop/Precificação_AI/Scraper_em_geral/MagazineLuiza/data/raw/195-60-r15/pneu-19560r15-goodyear-efficientgrip_20250808_083100.json,user/Desktop/Precificação_AI/Scraper_em_geral/MagazineLuiza/data/raw/195-60-r15/pneu-19560r15-goodyear-efficientgrip_20250811_165939.csv,user/Desktop/Precificação_AI/Scraper_em_geral/MagazineLuiza/data/raw/195-60-r15/pneu-19560r15-goodyear-efficientgrip_20250814_132555.csv,user/Desktop/Precificação_AI/Scraper_em_geral/mercadolivre/data/raw/195-60-r15/pneu-195-60-r15-goodyear-efficientgrip_20250808_131910.csv,user/Desktop/Precificação_AI/Scraper_em_geral/mercadolivre/data/raw/195-60-r15/pneu-195-60-r15-goodyear-efficientgrip_20250811_151808.csv,user/Desktop/Precificação_AI/Scraper_em_geral/mercadolivre/data/raw/195-60-r15/pneu-195-60-r15-goodyear-efficientgrip_20250814_161401.csv,user/Desktop/Precificação_AI/Scraper_em_geral/pneustore/dados/raw/195-60-r15/pneu-19560r15-goodyear-efficientgrip_20250811_171723.csv"
goodyear|195/65R15|efficientgrip,goodyear,efficientgrip,195/65R15,116,"magazineluiza,mercadolivre",120.0,1054.0,632.9030172413794,706.51,155.0,819.99,665.2174468085105,"user/Desktop/Precificação_AI/Scraper_em_geral/MagazineLuiza/data/raw/195-65-r15/pneu-19565r15-goodyear-efficientgrip_20250808_085449.json,user/Desktop/Precificação_AI/Scraper_em_geral/MagazineLuiza/data/raw/195-65-r15/pneu-19565r15-goodyear-efficientgrip_20250811_173303.csv,user/Desktop/Precificação_AI/Scraper_em_geral/mercadolivre/data/raw/195-65-r15/pneu-195-65-r15-goodyear-efficientgrip_20250808_132901.csv,user/Desktop/Precificação_AI/Scraper_em_geral/mercadolivre/data/raw/195-65-r15/pneu-195-65-r15-goodyear-efficientgrip_20250811_153250.csv,user/Desktop/Precificação_AI/Scraper_em_geral/mercadolivre/data/raw/195-65-r15/pneu-195-65-r15-goodyear-efficientgrip_20250814_162438.csv"
goodyear|205/60R15|efficientgrip,goodyear,efficientgrip,205/60R15,128,"magazineluiza,mercadolivre",90.0,1521.0,680.083203125,731.88,219.64300000000011,845.85,713.5640776699031,"user/Desktop/Precificação_AI/Scraper_em_geral/MagazineLuiza/data/raw/205-60-r15/pneu-20560r15-goodyear-efficientgrip_20250808_094734.json,user/Desktop/Precificação_AI/Scraper_em_geral/MagazineLuiza/data/raw/205-60-r15/pneu-20560r15-goodyear-efficientgrip_20250811_183754.csv,user/Desktop/Precificação_AI/Scraper_em_geral/MagazineLuiza/data/raw/205-60-r15/pneu-20560r15-goodyear-efficientgrip_20250814_140656.csv,user/Desktop/Precificação_AI/Scraper_em_geral/mercadolivre/data/raw/205-60-r15/pneu-205-60-r15-goodyear-efficientgrip_20250808_135632.csv,user/Desktop/Precificação_AI/Scraper_em_geral/mercadolivre/data/raw/205-60-r15/pneu-205-60-r15-goodyear-efficientgrip_20250811_161458.csv"
goodyear|215/50R17|efficientgrip,goodyear,efficientgrip,215/50R17,42,"magazineluiza,mercadolivre",120.0,962.97,628.7069047619049,754.32,140.0,938.635,611.5914285714285,"user/Desktop/Precificação_AI/Scraper_em_geral/MagazineLuiza/data/raw/215-50-r17/pneu-21550r17-goodyear-efficientgrip_20250811_193231.csv,user/Desktop/Precificação_AI/Scraper_em_geral/MagazineLuiza/data/raw/215-50-r17/pneu-21550r17-goodyear-efficientgrip_20250814_143936.csv,user/Desktop/Precificação_AI/Scraper_em_geral/mercadolivre/data/raw/215-50-r17/pneu-215-50-r17-goodyear-efficientgrip_20250808_142727.csv,user/Desktop/Precificação_AI/Scraper_em_geral/mercadolivre/data/raw/215-50-r17/pneu-215-50-r17-goodyear-efficientgrip_20250811_170440.csv"
goodyear|215/55R17|efficientgrip,goodyear,efficientgrip,215/55R17,29,"magazineluiza,pneustore",430.13,1246.57,810.3886206896553,854.42,493.682,949.05,830.5354166666667,"user/Desktop/Precificação_AI/Scraper_em_geral/MagazineLuiza/data/raw/215-55-r17/pneu-21555r17-goodyear-efficientgrip-suv_20250811_194828.csv,user/Desktop/Precificação_AI/Scraper_em_geral/MagazineLuiza/data/raw/215-55-r17/pneu-21555r17-goodyear-efficientgrip-suv_20250814_144823.csv,user/Desktop/Precificação_AI/Scraper_em_geral/pneustore/dados/raw/215-55-r17/pneu-21555r17-goodyear-efficientgrip-suv_20250811_200814.csv"
goodyear||efficientgrip,goodyear,efficientgrip,,75,mercadolivre,557.0,1031.0,786.7226666666667,787.24,665.72,898.09,784.7137704918032,"user/Desktop/Precificação_AI/Scraper_em_geral/mercadolivre/data/raw/195-55-r15/pneu-195-55-r15-goodyear-efficientgrip_20250811_143942.csv,user/Desktop/Precificação_AI/Scraper_em_geral/mercadolivre/data/raw/195-55-r15/pneu-195-55-r15-goodyear-efficientgrip_20250814_154143.csv,user/Desktop/Precificação_AI/Scraper_em_geral/mercadolivre/data/raw/195-65-r15/pneu-195-65-r15-goodyear-efficientgrip_20250811_153250.csv,user/Desktop/Precificação_AI/Scraper_em_geral/mercadolivre/data/raw/195-65-r15/pneu-195-65-r15-goodyear-efficientgrip_20250814_162438.csv,user/Desktop/Precificação_AI/Scraper_em_geral/mercadolivre/data/raw/205-60-r15/pneu-205-60-r15-goodyear-efficientgrip_20250811_161458.csv,user/Desktop/Precificação_AI/Scraper_em_geral/mercadolivre/data/raw/215-55-r17/pneu-215-55-r17-goodyear-efficientgrip_20250811_171745.csv"
goodyear|215/55R17|efficientgrip suv,goodyear,efficientgrip suv,215/55R17,34,mercadolivre,150.0,1160.0,678.2985294117647,836.7049999999999,174.68300000000002,1107.5,688.9288461538462,user/Desktop/Precificação_AI/Scraper_em_geral/mercadolivre/data/raw/215-55-r17/pneu-215-55-r17-goodyear-efficientgrip-suv_20250811_172018.csv
goodyear|165/70R13|kelly,goodyear,kelly,165/70R13,13,magazineluiza,332.11,439.05,363.6446153846154,355.0,332.11,399.10200000000003,353.17454545454547,"user/Desktop/Precificação_AI/Scraper_em_geral/MagazineLuiza/data/raw/165-70-r13/pneu-165-70-r13-goodyear-kelly_20250804_101326.json,user/Desktop/Precificação_AI/Scraper_em_geral/MagazineLuiza/data/raw/165-70-r13/pneu-165-70-r13-goodyear-kelly_20250807_095918.csv,user/Desktop/Precificação_AI/Scraper_em_geral/MagazineLuiza/data/raw/165-70-r13/pneu-165-70-r13-goodyear-kelly_20250807_102336.csv"
goodyear|175/65R14|kelly,goodyear,kelly,175/65R14,2,magazineluiza,346.99,476.96,411.975,411.975,359.987,463.96299999999997,,user/Desktop/Precificação_AI/Scraper_em_geral/MagazineLuiza/data/raw/175-65-r14/pneu-175-65-r14-goodyear-kelly_20250804_093610.json
goodyear|175/70R13|kelly,goodyear,kelly,175/70R13,59,"magazineluiza,mercadolivre",334.07,47987.0,12333.337966101693,477.75,392.84,45649.40000000001,8466.51673076923,"user/Desktop/Precificação_AI/ETL/data/raw/mercadolivre/pneu-175-70-r13-goodyear-kelly-edge_20250722_085534.json,user/Desktop/Precificação_AI/ETL/data/raw/mercadolivre/pneu-175-70-r13-goodyear-kelly-edge_20250722_090616.json,user/Desktop/Precificação_AI/ETL/data/raw/mercadolivre/pneu-175-70-r13-goodyear-kelly-edge_20250724_100119.json,user/Desktop/Precificação_AI/ETL/data/raw/mercadolivre/pneu-175-70-r13-goodyear-kelly-edge_20250725_084655.json,user/Desktop/Precificação_AI/Scraper_em_geral/MagazineLuiza/data/raw/175-70-r13/pneu-175-70-r13-goodyear_20250731_142814.csv,user/Desktop/Precificação_AI/Scraper_em_geral/MagazineLuiza/data/raw/175-70-r13/pneu-175-70-r13-goodyear_20250806_233324.csv,user/Desktop/Precificação_AI/Scraper_em_geral/mercadolivre/data/JSON/pneu-175-70-r13-goodyear-kelly-edge_20250729_084502.json,user/Desktop/Precificação_AI/data/processed/marketplaces.db,user/Desktop/Precificação_AI/data/processed/mercadolivre/pricing_20250722_142324.json"
goodyear|185/65R14|kelly,goodyear,kelly,185/65R14,37,mercadolivre,439.95,664.04,586.0343243243242,589.0,530.01,632.07,592.264375,"user/Desktop/Precificação_AI/Scraper_em_geral/mercadolivre/data/raw/185-65-r14/pneu-185-65-r14-goodyear-kelly_20250811_135216.csv,user/Desktop/Precificação_AI/Scraper_em_geral/mercadolivre/data/raw/185-65-r14/pneu-185-65-r14-goodyear-kelly_20250814_145928.csv"
goodyear|185/70R14|kelly,goodyear,kelly,185/70R14,64,"magazineluiza,mercadolivre",130.0,799.08,589.87265625,619.09,445.711,718.4250000000001,595.9509999999999,"user/Desktop/Precificação_AI/Scraper_em_geral/MagazineLuiza/data/raw/185-70-r14/pneu-185-70-r14-goodyear-kelly_20250804_152801.json,user/Desktop/Precificação_AI/Scraper_em_geral/MagazineLuiza/data/raw/185-70-r14/pneu-18570r14-goodyear-kelly_20250807_160320.json,user/Desktop/Precificação_AI/Scraper_em_geral/MagazineLuiza/data/raw/185-70-r14/pneu-18570r14-goodyear-kelly_20250808_154513.csv,user/Desktop/Precificação_AI/Scraper_em_geral/mercadolivre/data/raw/185-70-r14/pneu-185-70-r14-goodyear-kelly_20250811_141651.csv,user/Desktop/Precificação_AI/Scraper_em_geral/mercadolivre/data/raw/185-70-r14/pneu-185-70-r14-goodyear-kelly_20250814_152129.csv"
goodyear|195/50R16|kelly,goodyear,kelly,195/50R16,165,"magazineluiza,mercadolivre",324.71,1693.0,683.4455151515151,663.04,458.36,966.992,655.3654545454544,"user/Desktop/Precificação_AI/Scraper_em_geral/MagazineLuiza/data/raw/195-50-r16/pneu-195-50-r16-goodyear-kelly_20250805_100125.json,user/Desktop/Precificação_AI/Scraper_em_geral/MagazineLuiza/data/raw/195-50-r16/pneu-19550r16-goodyear-kelly_20250807_161937.json,user/Desktop/Precificação_AI/Scraper_em_geral/MagazineLuiza/data/raw/195-50-r16/pneu-19550r16-goodyear-kelly_20250808_160635.csv,user/Desktop/Precificação_AI/Scraper_em_geral/mercadolivre/data/raw/195-50-r16/pneu-195-50-r16-goodyear-kelly_20250811_143420.csv,user/Desktop/Precificação_AI/Scraper_em_geral/mercadolivre/data/raw/195-50-r16/pneu-195-50-r16-goodyear-kelly_20250814_153550.csv"
goodyear|195/60R15|kelly,goodyear,kelly,195/60R15,71,"magazineluiza,mercadolivre",547.3,812.6,647.5987323943662,668.38,561.44,741.18,648.3381967213113,"user/Desktop/Precificação_AI/Scraper_em_geral/MagazineLuiza/data/raw/195-60-r15/pneu-19560r15-goodyear-kelly_20250808_165641.csv,user/Desktop/Precificação_AI/Scraper_em_geral/mercadolivre/data/raw/195-60-r15/pneu-195-60-r15-goodyear-kelly_20250811_150942.csv,user/Desktop/Precificação_AI/Scraper_em_geral/mercadolivre/data/raw/195-60-r15/pneu-195-60-r15-goodyear-kelly_20250814_160759.csv"
goodyear||kelly,goodyear,kelly,,6,mercadolivre,100.0,949.0,622.8333333333334,672.0,287.5,909.0,672.0,"user/Desktop/Precificação_AI/Scraper_em_geral/mercadolivre/data/raw/185-70-r14/pneu-185-70-r14-goodyear-kelly_20250814_152129.csv,user/Desktop/Precificação_AI/Scraper_em_geral/mercadolivre/data/raw/195-50-r16/pneu-195-50-r16-goodyear-kelly_20250811_143420.csv,user/Desktop/Precificação_AI/Scraper_em_geral/mercadolivre/data/raw/195-50-r16/pneu-195-50-r16-goodyear-kelly_20250814_153550.csv"
goodyear||kelly edge,goodyear,kelly edge,,8,"Dados_locais,mercadolivre",545.0,5450.0,2180.0,545.0,545.0,5450.0,2180.0,"ETL/data/processed/pricing.db,user/Desktop/Precificação_AI/ETL/data/processed/pricing.db,user/Desktop/Precificação_AI/ETL/data/raw/mercadolivre/pneu-175-70-r13-goodyear-kelly-edge_20250722_085534.json,user/Desktop/Precificação_AI/ETL/data/raw/mercadolivre/pneu-175-70-r13-goodyear-kelly-edge_20250724_100119.json,user/Desktop/Precificação_AI/ETL/data/raw/mercadolivre/pneu-175-70-r13-goodyear-kelly-edge_20250725_084655.json,user/Desktop/Precificação_AI/Scraper_em_geral/mercadolivre/data/JSON/pneu-175-70-r13-goodyear-kelly-edge_20250729_084502.json,user/Desktop/Precificação_AI/data/processed/marketplaces.db,user/Desktop/Precificação_AI/data/processed/mercadolivre/pricing_20250722_142324.json"
goodyear|165/70R13|kelly edge,goodyear,kelly edge,165/70R13,84,"magazineluiza,mercadolivre",309.9,1574.0,446.5633333333334,410.47,320.649,491.61,426.42308823529413,"user/Desktop/Precificação_AI/Scraper_em_geral/MagazineLuiza/data/raw/165-70-r13/pneu-165-70-r13-goodyear-kelly_20250804_101326.json,user/Desktop/Precificação_AI/Scraper_em_geral/MagazineLuiza/data/raw/165-70-r13/pneu-165-70-r13-goodyear-kelly_20250807_095918.csv,user/Desktop/Precificação_AI/Scraper_em_geral/MagazineLuiza/data/raw/165-70-r13/pneu-165-70-r13-goodyear-kelly_20250807_102336.csv,user/Desktop/Precificação_AI/Scraper_em_geral/MagazineLuiza/data/raw/165-70-r13/pneu-16570r13-goodyear-kelly-edge_20250808_131558.csv,user/Desktop/Precificação_AI/Scraper_em_geral/MagazineLuiza/data/raw/165-70-r13/pneu-16570r13-goodyear-kelly-edge_20250811_115719.csv,user/Desktop/Precificação_AI/Scraper_em_geral/MagazineLuiza/data/raw/165-70-r13/pneu-16570r13-goodyear-kelly-edge_20250814_105041.csv,user/Desktop/Precificação_AI/Scraper_em_geral/mercadolivre/data/raw/165-70-r13/pneu-165-70-r13-goodyear-kelly-edge_20250811_123403.csv,user/Desktop/Precificação_AI/Scraper_em_geral/mercadolivre/data/raw/165-70-r13/pneu-165-70-r13-goodyear-kelly-edge_20250814_134353.csv"
goodyear|175/65R14|kelly edge,goodyear,kelly edge,175/65R14,59,"magazineluiza,mercadolivre",356.25,538.64,439.84915254237285,452.74,367.05,510.362,437.76875,"user/Desktop/Precificação_AI/Scraper_em_geral/MagazineLuiza/data/raw/175-65-r14/pneu-175-65-r14-goodyear-kelly_20250804_093610.json,user/Desktop/Precificação_AI/Scraper_em_geral/MagazineLuiza/data/raw/175-65-r14/pneu-17565r14-goodyear-kelly-edge_20250807_141052.json,user/Desktop/Precificação_AI/Scraper_em_geral/MagazineLuiza/data/raw/175-65-r14/pneu-17565r14-goodyear-kelly-edge_20250808_134535.csv,user/Desktop/Precificação_AI/Scraper_em_geral/MagazineLuiza/data/raw/175-65-r14/pneu-17565r14-goodyear-kelly-edge_20250811_122703.csv,user/Desktop/Precificação_AI/Scraper_em_geral/MagazineLuiza/data/raw/175-65-r14/pneu-17565r14-goodyear-kelly-edge_20250814_120101.csv,user/Desktop/Precificação_AI/Scraper_em_geral/mercadolivre/data/raw/175-65-r14/pneu-175-65-r14-goodyear-kelly-edge_20250811_125423.csv,user/Desktop/Precificação_AI/Scraper_em_geral/mercadolivre/data/raw/175-65-r14/pneu-175-65-r14-goodyear-kelly-edge_20250814_140239.csv"
goodyear|175/65R15|kelly edge,goodyear,kelly edge,175/65R15,69,"magazineluiza,mercadolivre,pneustore",150.0,702.99,470.2133333333334,500.44,294.73600000000005,617.65,482.86607142857144,"user/Desktop/Precificação_AI/Scraper_em_geral/MagazineLuiza/data/raw/175-65-r15/pneu-17565r15-goodyear-kelly-edge_20250807_141833.json,user/Desktop/Precificação_AI/Scraper_em_geral/MagazineLuiza/data/raw/175-65-r15/pneu-17565r15-goodyear-kelly-edge_20250808_135321.csv,user/Desktop/Precificação_AI/Scraper_em_geral/MagazineLuiza/data/raw/175-65-r15/pneu-17565r15-goodyear-kelly-edge_20250811_123500.csv,user/Desktop/Precificação_AI/Scraper_em_geral/MagazineLuiza/data/raw/175-65-r15/pneu-17565r15-goodyear-kelly-edge_20250814_120514.csv,user/Desktop/Precificação_AI/Scraper_em_geral/mercadolivre/data/raw/175-65-r15/pneu-175-65-r15-goodyear-kelly-edge_20250811_125820.csv,user/Desktop/Precificação_AI/Scraper_em_geral/mercadolivre/data/raw/175-65-r15/pneu-175-65-r15-goodyear-kelly-edge_20250814_140602.csv,user/Desktop/Precificação_AI/Scraper_em_geral/pneustore/dados/raw/175-65-r15/pneu-17565r15-goodyear-kelly-edge_20250811_132416.csv"
goodyear|175/70R13|kelly edge,goodyear,kelly edge,175/70R13,329,"magazineluiza,mercadolivre",279.9,51964.0,3499.9441641337385,472.0,375.184,4740.0,870.1179924242423,"user/Desktop/Precificação_AI/ETL/data/raw/mercadolivre/pneu-175-70-r13-goodyear-kelly-edge_20250722_085534.json,user/Desktop/Precificação_AI/ETL/data/raw/mercadolivre/pneu-175-70-r13-goodyear-kelly-edge_20250722_090616.json,user/Desktop/Precificação_AI/ETL/data/raw/mercadolivre/pneu-175-70-r13-goodyear-kelly-edge_20250724_100119.json,user/Desktop/Precificação_AI/ETL/data/raw/mercadolivre/pneu-175-70-r13-goodyear-kelly-edge_20250725_084655.json,user/Desktop/Precificação_AI/Scraper_em_geral/MagazineLuiza/data/raw/175-70-r13/pneu-175-70-r13-goodyear-kelly-edge_20250731_150442.csv,user/Desktop/Precificação_AI/Scraper_em_geral/MagazineLuiza/data/raw/175-70-r13/pneu-175-70-r13-goodyear-kelly-edge_20250801_093818.csv,user/Desktop/Precificação_AI/Scraper_em_geral/MagazineLuiza/data/raw/175-70-r13/pneu-175-70-r13-goodyear_20250731_142814.csv,user/Desktop/Precificação_AI/Scraper_em_geral/MagazineLuiza/data/raw/175-70-r13/pneu-175-70-r13-goodyear_20250806_233324.csv,user/Desktop/Precificação_AI/Scraper_em_geral/MagazineLuiza/data/raw/175-70-r13/pneu-17570r13-goodyear-kelly-edge_20250807_143306.json,user/Desktop/Precificação_AI/Scraper_em_geral/MagazineLuiza/data/raw/175-70-r13/pneu-17570r13-goodyear-kelly-edge_20250808_140920.csv,user/Desktop/Precificação_AI/Scraper_em_geral/MagazineLuiza/data/raw/175-70-r13/pneu-17570r13-goodyear-kelly-edge_20250811_125851.csv,user/Desktop/Precificação_AI/Scraper_em_geral/MagazineLuiza/data/raw/175-70-r13/pneu-17570r13-goodyear-kelly-edge_20250814_121625.csv,user/Desktop/Precificação_AI/Scraper_em_geral/mercadolivre/data/JSON/pneu-175-70-r13-goodyear-kelly-edge_20250729_084502.json,user/Desktop/Precificação_AI/Scraper_em_geral/mercadolivre/data/raw/175-70-r13/pneu-175-70-r13-goodyear-kelly-edge_20250811_131333.csv,user/Desktop/Precificação_AI/Scraper_em_geral/mercadolivre/data/raw/175-70-r13/pneu-175-70-r13-goodyear-kelly-edge_20250814_142112.csv,user/Desktop/Precificação_AI/data/processed/marketplaces.db,user/Desktop/Precificação_AI/data/processed/mercadolivre/pricing_20250722_142324.json"
goodyear|175/70R14|kelly edge,goodyear,kelly edge,175/70R14,9,"magazineluiza,pneustore",316.21,497.59,467.6600000000001,485.02,451.258,487.534,485.02,"user/Desktop/Precificação_AI/Scraper_em_geral/MagazineLuiza/data/raw/175-70-r14/pneu-17570r14-goodyear-kelly-edge-suv_20250807_145526.json,user/Desktop/Precificação_AI/Scraper_em_geral/MagazineLuiza/data/raw/175-70-r14/pneu-17570r14-goodyear-kelly-edge-suv_20250808_142924.csv,user/Desktop/Precificação_AI/Scraper_em_geral/MagazineLuiza/data/raw/175-70-r14/pneu-17570r14-goodyear-kelly-edge-suv_20250811_132419.csv,user/Desktop/Precificação_AI/Scraper_em_geral/MagazineLuiza/data/raw/175-70-r14/pneu-17570r14-goodyear-kelly-edge-suv_20250814_122817.csv,user/Desktop/Precificação_AI/Scraper_em_geral/pneustore/dados/raw/175-70-r14/pneu-17570r14-goodyear-kelly-edge-suv_20250811_135715.csv"
goodyear|175/80R14|kelly edge,goodyear,kelly edge,175/80R14,1,magazineluiza,725.0,725.0,725.0,725.0,725.0,725.0,725.0,user/Desktop/Precificação_AI/Scraper_em_geral/MagazineLuiza/data/raw/175-80-r14/pneu-175-80-r14-goodyear-kelly_20250804_102415.json
goodyear|185/65R14|kelly edge,goodyear,kelly edge,185/65R14,8,magazineluiza,484.92,485.02,484.9325,484.92,484.92,484.95,484.92,"user/Desktop/Precificação_AI/Scraper_em_geral/MagazineLuiza/data/raw/185-65-r14/pneu-185-65-r14-goodyear-kelly_20250804_142827.json,user/Desktop/Precificação_AI/Scraper_em_geral/MagazineLuiza/data/raw/185-65-r14/pneu-18565r14-goodyear-kelly_20250807_153552.json,user/Desktop/Precificação_AI/Scraper_em_geral/MagazineLuiza/data/raw/185-65-r14/pneu-18565r14-goodyear-kelly_20250808_151404.csv,user/Desktop/Precificação_AI/Scraper_em_geral/MagazineLuiza/data/raw/185-65-r14/pneu-18565r14-goodyear-kelly_20250811_140930.csv,user/Desktop/Precificação_AI/Scraper_em_geral/MagazineLuiza/data/raw/185-65-r14/pneu-18565r14-goodyear-kelly_20250814_124854.csv"
goodyear|185/70R14|kelly edge,goodyear,kelly edge,185/70R14,3,magazineluiza,529.01,529.01,529.01,529.01,529.01,529.01,529.01,"user/Desktop/Precificação_AI/Scraper_em_geral/MagazineLuiza/data/raw/185-70-r14/pneu-185-70-r14-goodyear-kelly_20250804_152801.json,user/Desktop/Precificação_AI/Scraper_em_geral/MagazineLuiza/data/raw/185-70-r14/pneu-18570r14-goodyear-kelly_20250807_160320.json"
goodyear|195/50R16|kelly edge,goodyear,kelly edge,195/50R16,7,magazineluiza,605.03,605.03,605.0299999999999,605.03,605.03,605.03,605.0299999999999,"user/Desktop/Precificação_AI/Scraper_em_geral/MagazineLuiza/data/raw/195-50-r16/pneu-195-50-r16-goodyear-kelly-edge_20250805_095231.json,user/Desktop/Precificação_AI/Scraper_em_geral/MagazineLuiza/data/raw/195-50-r16/pneu-19550r16-goodyear-kelly_20250807_161937.json,user/Desktop/Precificação_AI/Scraper_em_geral/MagazineLuiza/data/raw/195-50-r16/pneu-19550r16-goodyear-kelly_20250808_160635.csv,user/Desktop/Precificação_AI/Scraper_em_geral/MagazineLuiza/data/raw/195-50-r16/pneu-19550r16-goodyear-kelly_20250811_151121.csv"
goodyear|195/60R15|kelly edge,goodyear,kelly edge,195/60R15,5,magazineluiza,598.99,598.99,598.99,598.99,598.99,598.99,598.99,"user/Desktop/Precificação_AI/Scraper_em_geral/MagazineLuiza/data/raw/195-60-r15/pneu-19560r15-goodyear-kelly_20250808_165641.csv,user/Desktop/Precificação_AI/Scraper_em_geral/MagazineLuiza/data/raw/195-60-r15/pneu-19560r15-goodyear-kelly_20250811_164142.csv"
goodyear|205/40R17|kelly edge,goodyear,kelly edge,205/40R17,6,magazineluiza,540.02,540.02,540.02,540.02,540.02,540.02,540.02,"user/Desktop/Precificação_AI/Scraper_em_geral/MagazineLuiza/data/raw/205-40-r17/pneu-20540r17-goodyear-kelly_20250808_085733.json,user/Desktop/Precificação_AI/Scraper_em_geral/MagazineLuiza/data/raw/205-40-r17/pneu-20540r17-goodyear-kelly_20250811_173610.csv,user/Desktop/Precificação_AI/Scraper_em_geral/MagazineLuiza/data/raw/205-40-r17/pneu-20540r17-goodyear-kelly_20250814_133826.csv"
goodyear||kelly edge,goodyear,kelly edge,,3,mercadolivre,470.0,529.08,509.3866666666667,529.08,481.81600000000003,529.08,529.08,"user/Desktop/Precificação_AI/Scraper_em_geral/mercadolivre/data/raw/175-65-r15/pneu-175-65-r15-goodyear-kelly-edge_20250811_125820.csv,user/Desktop/Precificação_AI/Scraper_em_geral/mercadolivre/data/raw/175-70-r13/pneu-175-70-r13-goodyear-kelly-edge_20250811_131333.csv,user/Desktop/Precificação_AI/Scraper_em_geral/mercadolivre/data/raw/175-70-r13/pneu-175-70-r13-goodyear-kelly-edge_20250814_142112.csv"
goodyear|175/70R14|kelly edge suv,goodyear,kelly edge suv,175/70R14,49,mercadolivre,420.95,681.8,572.6253061224489,591.84,490.54,636.956,573.5395000000001,"user/Desktop/Precificação_AI/Scraper_em_geral/mercadolivre/data/raw/175-70-r14/pneu-175-70-r14-goodyear-kelly-edge-suv_20250811_132654.csv,user/Desktop/Precificação_AI/Scraper_em_geral/mercadolivre/data/raw/175-70-r14/pneu-175-70-r14-goodyear-kelly-edge-suv_20250814_143405.csv"
goodyear||kelly edge suv,goodyear,kelly edge suv,,3,mercadolivre,605.57,700.98,637.3733333333334,605.57,605.57,681.898,605.57,"user/Desktop/Precificação_AI/Scraper_em_geral/mercadolivre/data/raw/175-70-r14/pneu-175-70-r14-goodyear-kelly-edge-suv_20250811_132654.csv,user/Desktop/Precificação_AI/Scraper_em_geral/mercadolivre/data/raw/175-70-r14/pneu-175-70-r14-goodyear-kelly-edge-suv_20250814_143405.csv"
goodyear|165/70R13|maxlife,goodyear,maxlife,165/70R13,3,mercadolivre,442.62,471.69,452.50666666666666,443.21,442.738,465.99399999999997,443.21,user/Desktop/Precificação_AI/Scraper_em_geral/mercadolivre/data/raw/165-70-r13/pneu-165-70-r13-goodyear-assurance_20250808_111611.csv
goodyear|175/65R14|maxlife,goodyear,maxlife,175/65R14,1,mercadolivre,525.09,525.09,525.09,525.09,525.09,525.09,525.09,user/Desktop/Precificação_AI/Scraper_em_geral/mercadolivre/data/raw/175-65-r14/pneu-175-65-r14-goodyear-assurance_20250808_113149.csv
goodyear|175/70R13|maxlife,goodyear,maxlife,175/70R13,47,"magazineluiza,mercadolivre",369.9,55446.0,7124.863829787234,523.31,491.39,49139.0,2965.1019999999994,"user/Desktop/Precificação_AI/ETL/data/raw/mercadolivre/pneu-175-70-r13-goodyear-assurance_20250721_153126.json,user/Desktop/Precificação_AI/ETL/data/raw/mercadolivre/pneu-175-70-r13-goodyear-assurance_20250723_084127.json,user/Desktop/Precificação_AI/ETL/data/raw/mercadolivre/pneu-175-70-r13-goodyear-assurance_20250724_095414.json,user/Desktop/Precificação_AI/ETL/data/raw/mercadolivre/pneu-175-70-r13-goodyear-assurance_20250725_084053.json,user/Desktop/Precificação_AI/Scraper_em_geral/MagazineLuiza/data/raw/175-70-r13/pneu-175-70-r13-goodyear_20250731_142814.csv,user/Desktop/Precificação_AI/Scraper_em_geral/MagazineLuiza/data/raw/175-70-r13/pneu-175-70-r13-goodyear_20250806_233324.csv,user/Desktop/Precificação_AI/Scraper_em_geral/mercadolivre/data/JSON/pneu-175-70-r13-goodyear-assurance_20250729_083740.json,user/Desktop/Precificação_AI/Scraper_em_geral/mercadolivre/data/JSON/pneu-175-70-r13-goodyear-goodyear-assurance_20250730_093615.json,user/Desktop/Precificação_AI/Scraper_em_geral/mercadolivre/data/raw/175-70-r13/pneu-175-70-r13-goodyear-assurance_20250808_114317.csv,user/Desktop/Precificação_AI/data/processed/marketplaces.db,user/Desktop/Precificação_AI/data/processed/mercadolivre/pricing_20250722_142324.json"
goodyear|175/70R14|maxlife,goodyear,maxlife,175/70R14,15,mercadolivre,481.94,719.14,618.7513333333334,643.46,574.76,683.384,617.8590909090909,"user/Desktop/Precificação_AI/Scraper_em_geral/mercadolivre/data/JSON/pneu-175-70-r14-goodyear-goodyear-assurance_20250801_095627.json,user/Desktop/Precificação_AI/Scraper_em_geral/mercadolivre/data/raw/175-70-r14/pneu-175-70-r14-goodyear-assurance_20250808_115156.csv,user/Desktop/Precificação_AI/Scraper_em_geral/mercadolivre/data/raw/175-70-r14/pneu-175-70-r14-goodyear-goodyear-assurance_20250805_124827.json"
goodyear|185/70R14|maxlife,goodyear,maxlife,185/70R14,4,mercadolivre,646.13,722.67,682.605,680.81,654.389,712.257,680.81,user/Desktop/Precificação_AI/Scraper_em_geral/mercadolivre/data/raw/185-70-r14/pneu-185-70-r14-goodyear-assurance_20250808_123227.csv
goodyear||wrangler,goodyear,wrangler,,26,"magazineluiza,mercadolivre",623.15,1300.0,1023.5261538461539,1035.0,833.4,1215.0,1050.5322727272726,"user/Desktop/Precificação_AI/Scraper_em_geral/MagazineLuiza/data/raw/205-60-r16/pneu-20560r16-goodyear-wrangler_20250808_095413.json,user/Desktop/Precificação_AI/Scraper_em_geral/mercadolivre/data/raw/205-60-r16/pneu-205-60-r16-goodyear-wrangler_20250808_140123.csv"
goodyear|205/60R16|wrangler,goodyear,wrangler,205/60R16,97,"magazineluiza,mercadolivre,pneustore",659.9,1084.74,886.0295876288661,888.41,774.428,1062.0,886.7587179487178,"user/Desktop/Precificação_AI/Scraper_em_geral/MagazineLuiza/data/raw/205-60-r16/pneu-20560r16-goodyear-wrangler_20250808_095413.json,user/Desktop/Precificação_AI/Scraper_em_geral/MagazineLuiza/data/raw/205-60-r16/pneu-20560r16-goodyear-wrangler_20250811_184556.csv,user/Desktop/Precificação_AI/Scraper_em_geral/MagazineLuiza/data/raw/205-60-r16/pneu-20560r16-goodyear-wrangler_20250814_141134.csv,user/Desktop/Precificação_AI/Scraper_em_geral/mercadolivre/data/raw/205-60-r16/pneu-205-60-r16-goodyear-wrangler_20250808_140123.csv,user/Desktop/Precificação_AI/Scraper_em_geral/mercadolivre/data/raw/205-60-r16/pneu-205-60-r16-goodyear-wrangler_20250811_162149.csv,user/Desktop/Precificação_AI/Scraper_em_geral/pneustore/dados/raw/205-60-r16/pneu-20560r16-goodyear-wrangler_20250811_185110.csv"
goodyear|205/65R15|wrangler,goodyear,wrangler,205/65R15,17,mercadolivre,729.75,933.96,862.5976470588236,878.42,753.386,930.93,875.9928571428571,user/Desktop/Precificação_AI/Scraper_em_geral/mercadolivre/data/raw/205-65-r15/pneu-205-65-r15-goodyear-direction_20250808_141044.csv
goodyear|205/70R15|wrangler,goodyear,wrangler,205/70R15,80,"magazineluiza,mercadolivre,pneustore",687.04,1050.0,899.5618750000001,891.02,744.04,1048.0,905.235,"user/Desktop/Precificação_AI/Scraper_em_geral/MagazineLuiza/data/raw/205-70-r15/pneu-20570r15-goodyear-wrangler_20250811_191632.csv,user/Desktop/Precificação_AI/Scraper_em_geral/MagazineLuiza/data/raw/205-70-r15/pneu-20570r15-goodyear-wrangler_20250814_143029.csv,user/Desktop/Precificação_AI/Scraper_em_geral/mercadolivre/data/raw/205-70-r15/pneu-205-70-r15-goodyear-wrangler_20250808_141723.csv,user/Desktop/Precificação_AI/Scraper_em_geral/mercadolivre/data/raw/205-70-r15/pneu-205-70-r15-goodyear-wrangler_20250811_165013.csv,user/Desktop/Precificação_AI/Scraper_em_geral/pneustore/dados/raw/205-70-r15/pneu-20570r15-goodyear-cargo-marathon_20250811_193038.csv"
goodyear||wrangler,goodyear,wrangler,,28,mercadolivre,623.15,1329.0,1071.7739285714285,1078.0,897.379,1217.1,1080.013181818182,user/Desktop/Precificação_AI/Scraper_em_geral/mercadolivre/data/raw/205-60-r16/pneu-205-60-r16-goodyear-wrangler_20250811_162149.csv
goodyear|185/70R14,goodyear,,185/70R14,4,magazineluiza,441.19,480.27,460.73,460.73,441.19,480.27,460.73,user/Desktop/Precificação_AI/Scraper_em_geral/MagazineLuiza/data/raw/185-70-r14/pneu-18570r14-goodyear-kelly_20250811_144617.csv
goodyear|195/50R16,goodyear,,195/50R16,2,magazineluiza,510.61,510.61,510.61,510.61,510.61,510.61,510.61,user/Desktop/Precificação_AI/Scraper_em_geral/MagazineLuiza/data/raw/195-50-r16/pneu-19550r16-goodyear-kelly_20250811_151121.csv
goodyear|195/60R15,goodyear,,195/60R15,4,magazineluiza,594.89,676.88,635.885,635.885,594.89,676.88,635.885,user/Desktop/Precificação_AI/Scraper_em_geral/MagazineLuiza/data/raw/195-60-r15/pneu-19560r15-goodyear-kelly_20250811_164142.csv
goodyear|205/40R17,goodyear,,205/40R17,4,pneustore,312.79,439.9,389.78999999999996,403.235,336.25600000000003,432.568,403.235,user/Desktop/Precificação_AI/Scraper_em_geral/pneustore/dados/raw/205-40-r17/pneu-20540r17-goodyear-kelly_20250811_174503.csv
goodyear|205/70R15,goodyear,,205/70R15,18,"magazineluiza,pneustore",779.9,1198.0,923.0022222222223,851.485,789.9,1156.07,895.876,"user/Desktop/Precificação_AI/Scraper_em_geral/MagazineLuiza/data/raw/205-70-r15/pneu-20570r15-goodyear-cargo-marathon_20250811_191306.csv,user/Desktop/Precificação_AI/Scraper_em_geral/MagazineLuiza/data/raw/205-70-r15/pneu-20570r15-goodyear-cargo-marathon_20250814_142839.csv,user/Desktop/Precificação_AI/Scraper_em_geral/pneustore/dados/raw/205-70-r15/pneu-20570r15-goodyear-cargo-marathon_20250811_193038.csv"
hankook|175/70R13,hankook,,175/70R13,2,mercadolivre,366.0,419.95,392.975,392.975,371.395,414.555,,user/Desktop/Precificação_AI/Scraper_em_geral/mercadolivre/data/raw/175-70-r13/pneu-175-70-r13-formula-energy_20250808_113705.csv
kelly|165/70R13|kelly,kelly,kelly,165/70R13,12,mercadolivre,362.88,492.55,445.6858333333334,457.255,386.586,492.456,452.03375000000005,user/Desktop/Precificação_AI/Scraper_em_geral/mercadolivre/data/raw/165-70-r13/pneu-165-70-r13-goodyear-kelly-edge_20250808_111435.csv
kelly|175/65R14|kelly,kelly,kelly,175/65R14,9,mercadolivre,359.46,523.14,452.9988888888889,446.23,372.34,523.14,464.69125,user/Desktop/Precificação_AI/Scraper_em_geral/mercadolivre/data/raw/175-65-r14/pneu-175-65-r14-goodyear-kelly-edge_20250808_113008.csv
kelly|175/65R15|kelly,kelly,kelly,175/65R15,2,mercadolivre,495.67,517.4,506.53499999999997,506.53499999999997,497.843,515.227,,user/Desktop/Precificação_AI/Scraper_em_geral/mercadolivre/data/raw/175-65-r15/pneu-175-65-r15-goodyear-kelly-edge_20250808_113242.csv
kelly|175/70R13|kelly,kelly,kelly,175/70R13,23,mercadolivre,392.84,5020.0,861.0608695652174,470.1,396.638,569.5980000000001,471.0988235294118,"user/Desktop/Precificação_AI/ETL/data/raw/mercadolivre/pneu-175-70-r13-goodyear-kelly-edge_20250721_164213.json,user/Desktop/Precificação_AI/ETL/data/raw/mercadolivre/pneu-175-70-r13-goodyear-kelly-edge_20250723_081512.json,user/Desktop/Precificação_AI/Scraper_em_geral/mercadolivre/data/raw/175-70-r13/pneu-175-70-r13-goodyear-kelly-edge_20250808_114553.csv,user/Desktop/Precificação_AI/data/processed/marketplaces.db,user/Desktop/Precificação_AI/data/processed/mercadolivre/pricing_20250722_142324.json"
kelly|175/70R14|kelly,kelly,kelly,175/70R14,7,mercadolivre,490.54,681.8,574.3028571428571,602.29,504.898,634.0939999999999,569.5559999999999,user/Desktop/Precificação_AI/Scraper_em_geral/mercadolivre/data/raw/175-70-r14/pneu-175-70-r14-goodyear-kelly-edge-suv_20250808_115748.csv
kelly|185/65R14|kelly,kelly,kelly,185/65R14,5,mercadolivre,439.95,632.07,576.418,589.0,499.57,632.07,610.5350000000001,user/Desktop/Precificação_AI/Scraper_em_geral/mercadolivre/data/raw/185-65-r14/pneu-185-65-r14-goodyear-kelly_20250808_121600.csv
kelly|185/70R14|kelly,kelly,kelly,185/70R14,7,mercadolivre,508.13,676.27,596.2414285714286,629.71,510.146,676.27,610.9266666666666,user/Desktop/Precificação_AI/Scraper_em_geral/mercadolivre/data/raw/185-70-r14/pneu-185-70-r14-goodyear-kelly_20250808_123527.csv
kelly|195/50R16|kelly,kelly,kelly,195/50R16,3,mercadolivre,583.1,706.65,650.93,663.04,599.088,697.928,663.04,user/Desktop/Precificação_AI/Scraper_em_geral/mercadolivre/data/raw/195-50-r16/pneu-195-50-r16-goodyear-kelly_20250808_124707.csv
kelly|195/60R15|kelly,kelly,kelly,195/60R15,7,mercadolivre,547.3,812.6,629.5314285714286,583.1,547.3,750.74,599.02,user/Desktop/Precificação_AI/Scraper_em_geral/mercadolivre/data/raw/195-60-r15/pneu-195-60-r15-goodyear-kelly_20250808_131352.csv
kelly||kelly edge,kelly,kelly edge,,5,mercadolivre,475.0,605.57,539.9300000000001,545.0,496.632,581.342,539.6933333333333,"user/Desktop/Precificação_AI/ETL/data/raw/mercadolivre/pneu-175-70-r13-goodyear-kelly-edge_20250721_164213.json,user/Desktop/Precificação_AI/ETL/data/raw/mercadolivre/pneu-175-70-r13-goodyear-kelly-edge_20250723_081512.json,user/Desktop/Precificação_AI/Scraper_em_geral/mercadolivre/data/raw/175-70-r13/pneu-175-70-r13-goodyear-kelly-edge_20250808_114553.csv,user/Desktop/Precificação_AI/Scraper_em_geral/mercadolivre/data/raw/175-70-r14/pneu-175-70-r14-goodyear-kelly-edge-suv_20250808_115748.csv,user/Desktop/Precificação_AI/Scraper_em_geral/mercadolivre/data/raw/195-50-r16/pneu-195-50-r16-goodyear-kelly_20250808_124707.csv"
kelly|165/70R13|kelly edge,kelly,kelly edge,165/70R13,14,mercadolivre,345.73,1574.0,512.3378571428572,436.29,386.61,529.1070000000001,427.55454545454546,user/Desktop/Precificação_AI/Scraper_em_geral/mercadolivre/data/raw/165-70-r13/pneu-165-70-r13-goodyear-kelly-edge_20250808_111435.csv
kelly|175/65R14|kelly edge,kelly,kelly edge,175/65R14,22,mercadolivre,388.33,538.64,446.64409090909083,446.645,397.728,505.79100000000005,441.8825,user/Desktop/Precificação_AI/Scraper_em_geral/mercadolivre/data/raw/175-65-r14/pneu-175-65-r14-goodyear-kelly-edge_20250808_113008.csv
kelly|175/65R15|kelly edge,kelly,kelly edge,175/65R15,13,mercadolivre,529.2,702.99,606.5353846153846,610.21,548.7620000000001,694.25,600.3666666666666,user/Desktop/Precificação_AI/Scraper_em_geral/mercadolivre/data/raw/175-65-r15/pneu-175-65-r15-goodyear-kelly-edge_20250808_113242.csv
kelly|175/70R13|kelly edge,kelly,kelly edge,175/70R13,99,mercadolivre,375.25,48734.0,2549.9481818181816,472.0,415.216,4340.000000000001,576.0150632911392,"user/Desktop/Precificação_AI/ETL/data/raw/mercadolivre/pneu-175-70-r13-goodyear-kelly-edge_20250721_164213.json,user/Desktop/Precificação_AI/ETL/data/raw/mercadolivre/pneu-175-70-r13-goodyear-kelly-edge_20250723_081512.json,user/Desktop/Precificação_AI/Scraper_em_geral/mercadolivre/data/raw/175-70-r13/pneu-175-70-r13-formula-energy_20250808_113705.csv,user/Desktop/Precificação_AI/Scraper_em_geral/mercadolivre/data/raw/175-70-r13/pneu-175-70-r13-goodyear-kelly-edge_20250808_114553.csv,user/Desktop/Precificação_AI/data/processed/marketplaces.db,user/Desktop/Precificação_AI/data/processed/mercadolivre/pricing_20250722_142324.json"
kelly|175/70R14|kelly edge,kelly,kelly edge,175/70R14,18,mercadolivre,420.95,636.36,560.7111111111112,573.25,490.669,629.458,565.2685714285714,user/Desktop/Precificação_AI/Scraper_em_geral/mercadolivre/data/raw/175-70-r14/pneu-175-70-r14-goodyear-kelly-edge-suv_20250808_115748.csv
kelly|185/65R14|kelly edge,kelly,kelly edge,185/65R14,12,mercadolivre,544.24,664.04,597.3433333333335,610.53,555.4499999999999,623.19,600.5744444444445,user/Desktop/Precificação_AI/Scraper_em_geral/mercadolivre/data/raw/185-65-r14/pneu-185-65-r14-goodyear-kelly_20250808_121600.csv
kelly|185/70R14|kelly edge,kelly,kelly edge,185/70R14,15,mercadolivre,516.25,643.99,597.7113333333333,599.0,569.052,624.14,603.9158333333334,user/Desktop/Precificação_AI/Scraper_em_geral/mercadolivre/data/raw/185-70-r14/pneu-185-70-r14-goodyear-kelly_20250808_123527.csv
kelly|195/50R16|kelly edge,kelly,kelly edge,195/50R16,15,mercadolivre,540.36,737.8,671.6200000000001,687.07,603.16,722.136,678.4345454545454,user/Desktop/Precificação_AI/Scraper_em_geral/mercadolivre/data/raw/195-50-r16/pneu-195-50-r16-goodyear-kelly_20250808_124707.csv
kelly|195/60R15|kelly edge,kelly,kelly edge,195/60R15,24,mercadolivre,561.44,760.94,657.6616666666667,669.06,598.05,718.7189999999999,657.8555555555556,user/Desktop/Precificação_AI/Scraper_em_geral/mercadolivre/data/raw/195-60-r15/pneu-195-60-r15-goodyear-kelly_20250808_131352.csv
kumho|175/70R13,kumho,,175/70R13,5,mercadolivre,325.83,415.33,386.024,408.94,342.65799999999996,414.046,396.32,user/Desktop/Precificação_AI/Scraper_em_geral/mercadolivre/data/raw/175-70-r13/pneu-175-70-r13-formula-energy_20250808_113705.csv
michelin,michelin,,,1,mercadolivre,582.0,582.0,582.0,582.0,582.0,582.0,582.0,user/Desktop/Precificação_AI/Scraper_em_geral/mercadolivre/data/raw/205-55-r16/pneu-205-55-r16-michelin-primacy_20250808_134126.csv
michelin|185-65-r14,michelin,,185-65-r14,1,pneustore,399.9,399.9,399.9,399.9,399.9,399.9,399.9,user/Desktop/Precificação_AI/test_output/test_pneustore_20250808_150234.csv
michelin|185/60R15,michelin,,185/60R15,1,mercadolivre,977.59,977.59,977.59,977.59,977.59,977.59,977.59,user/Desktop/Precificação_AI/Scraper_em_geral/mercadolivre/data/raw/185-60-r15/pneu-185-60-r15-michelin-primacy-4_20250808_120415.csv
michelin|185/65R14,michelin,,185/65R14,2,"magazineluiza,mercadolivre",399.9,399.9,399.9,399.9,399.9,399.9,399.9,"user/Desktop/Precificação_AI/test_output/test_magalu_20250808_150321.csv,user/Desktop/Precificação_AI/test_output/test_mercadolivre_20250808_150321.csv"
michelin|195/55R16,michelin,,195/55R16,1,mercadolivre,199.99,199.99,199.99,199.99,199.99,199.99,199.99,user/Desktop/Precificação_AI/Scraper_em_geral/mercadolivre/data/raw/195-55-r16/pneu-195-55-r16-michelin-primacy_20250808_130324.csv
michelin|205/50R17,michelin,,205/50R17,1,magazineluiza,1609.88,1609.88,1609.88,1609.88,1609.88,1609.88,1609.88,user/Desktop/Precificação_AI/Scraper_em_geral/MagazineLuiza/data/raw/205-50-r17/pneu-20550r17-michelin-primacy_20250808_090715.json
michelin|205/55R16,michelin,,205/55R16,8,"magazineluiza,mercadolivre",349.0,1349.0,1024.97,1230.38,594.0,1318.9,1083.6266666666668,"user/Desktop/Precificação_AI/Scraper_em_geral/MagazineLuiza/data/raw/205-55-r16/pneu-20555r16-michelin-primacy_20250808_091835.json,user/Desktop/Precificação_AI/Scraper_em_geral/mercadolivre/data/raw/205-55-r16/pneu-205-55-r16-michelin-primacy_20250808_134126.csv"
michelin|205/55R17,michelin,,205/55R17,11,"magazineluiza,mercadolivre",1032.0,1892.0,1531.629090909091,1467.66,1146.0,1770.0,1547.1022222222223,"user/Desktop/Precificação_AI/Scraper_em_geral/MagazineLuiza/data/raw/205-55-r17/pneu-20555r17-michelin-primacy_20250808_094011.json,user/Desktop/Precificação_AI/Scraper_em_geral/mercadolivre/data/raw/205-55-r17/pneu-205-55-r17-michelin-primacy_20250808_135201.csv"
michelin|205/60R16,michelin,,205/60R16,1,mercadolivre,1140.0,1140.0,1140.0,1140.0,1140.0,1140.0,1140.0,user/Desktop/Precificação_AI/Scraper_em_geral/mercadolivre/data/raw/205-60-r16/pneu-205-60-r16-michelin-primacy_20250808_140335.csv
michelin|205/65R15,michelin,,205/65R15,10,mercadolivre,870.42,1079.0,931.4709999999999,930.05,870.42,1007.81,915.0788888888887,user/Desktop/Precificação_AI/Scraper_em_geral/mercadolivre/data/raw/205-65-r15/pneu-205-65-r15-michelin-ltx-force_20250808_141236.csv
michelin|205/70R15,michelin,,205/70R15,7,mercadolivre,918.87,3514.0,1479.012857142857,1245.0,948.48,2212.600000000001,1184.044,user/Desktop/Precificação_AI/Scraper_em_geral/mercadolivre/data/raw/205-70-r15/pneu-205-70-r15-michelin-agilis_20250808_141441.csv
michelin|205/55R17|17 primacy,michelin,17 primacy,205/55R17,1,pneustore,1603.46,1603.46,1603.46,1603.46,1603.46,1603.46,1603.46,user/Desktop/Precificação_AI/Scraper_em_geral/pneustore/dados/raw/205-55-r17/pneu-20555r17-michelin-primacy_20250811_183449.csv
michelin|205/70R15|agilis,michelin,agilis,205/70R15,3,mercadolivre,1117.0,1345.0,1235.6666666666667,1245.0,1142.6,1325.0,1245.0,user/Desktop/Precificação_AI/Scraper_em_geral/mercadolivre/data/raw/205-70-r15/pneu-205-70-r15-michelin-agilis_20250811_164610.csv
michelin|185/65R15|energy,michelin,energy,185/65R15,48,mercadolivre,723.64,2761.0,983.4358333333333,822.495,728.37,1090.0000000000027,815.7421052631579,"user/Desktop/Precificação_AI/Scraper_em_geral/mercadolivre/data/raw/185-65-r15/pneu-185-65-r15-michelin-energy_20250811_140435.csv,user/Desktop/Precificação_AI/Scraper_em_geral/mercadolivre/data/raw/185-65-r15/pneu-185-65-r15-michelin-energy_20250814_151044.csv"
michelin|195/60R15|energy,michelin,energy,195/60R15,4,mercadolivre,807.88,909.02,861.1,863.75,820.774,899.306,863.75,user/Desktop/Precificação_AI/Scraper_em_geral/mercadolivre/data/raw/195-60-r15/pneu-195-60-r15-michelin-energy-xm2_20250808_131801.csv
michelin|205/60R15|energy,michelin,energy,205/60R15,20,mercadolivre,933.7,1301.0,1116.6545,1105.0,981.423,1260.5,1115.78,user/Desktop/Precificação_AI/Scraper_em_geral/mercadolivre/data/raw/205-60-r15/pneu-205-60-r15-michelin-energy_20250811_160927.csv
michelin||energy,michelin,energy,,46,mercadolivre,742.61,805.92,775.6413043478261,805.92,742.61,805.92,775.6413043478261,"user/Desktop/Precificação_AI/Scraper_em_geral/mercadolivre/data/raw/185-65-r15/pneu-185-65-r15-michelin-energy_20250811_140435.csv,user/Desktop/Precificação_AI/Scraper_em_geral/mercadolivre/data/raw/185-65-r15/pneu-185-65-r15-michelin-energy_20250814_151044.csv"
michelin||energy xm2,michelin,energy xm2,,25,mercadolivre,644.21,805.92,767.0135999999999,742.61,742.61,805.92,775.6413043478261,"user/Desktop/Precificação_AI/Scraper_em_geral/mercadolivre/data/raw/185-65-r15/pneu-185-65-r15-michelin-energy_20250808_122521.csv,user/Desktop/Precificação_AI/Scraper_em_geral/mercadolivre/data/raw/195-60-r15/pneu-195-60-r15-michelin-energy-xm2_20250808_131801.csv"
michelin|185/65R15|energy xm2,michelin,energy xm2,185/65R15,27,"magazineluiza,mercadolivre",594.92,2761.0,834.2659259259258,769.99,594.92,898.0,760.160769230769,"user/Desktop/Precificação_AI/Scraper_em_geral/MagazineLuiza/data/raw/185-65-r15/pneu-185-65-r15-michelin-energy-xm2_20250804_151729.json,user/Desktop/Precificação_AI/Scraper_em_geral/MagazineLuiza/data/raw/185-65-r15/pneu-18565r15-michelin-energy_20250807_154925.json,user/Desktop/Precificação_AI/Scraper_em_geral/MagazineLuiza/data/raw/185-65-r15/pneu-18565r15-michelin-energy_20250808_152830.csv,user/Desktop/Precificação_AI/Scraper_em_geral/MagazineLuiza/data/raw/185-65-r15/pneu-18565r15-michelin-energy_20250811_142848.csv,user/Desktop/Precificação_AI/Scraper_em_geral/MagazineLuiza/data/raw/185-65-r15/pneu-18565r15-michelin-energy_20250814_125728.csv,user/Desktop/Precificação_AI/Scraper_em_geral/mercadolivre/data/raw/185-65-r15/pneu-185-65-r15-michelin-energy_20250808_122521.csv"
michelin|195/60R15|energy xm2,michelin,energy xm2,195/60R15,141,"magazineluiza,mercadolivre",180.0,955.93,728.5331205673759,721.39,649.0,876.64,730.8163157894735,"user/Desktop/Precificação_AI/Scraper_em_geral/MagazineLuiza/data/raw/195-60-r15/pneu-19560r15-michelin-energy-xm2_20250811_165554.csv,user/Desktop/Precificação_AI/Scraper_em_geral/mercadolivre/data/raw/195-60-r15/pneu-195-60-r15-michelin-energy-xm2_20250808_131801.csv,user/Desktop/Precificação_AI/Scraper_em_geral/mercadolivre/data/raw/195-60-r15/pneu-195-60-r15-michelin-energy-xm2_20250811_151642.csv,user/Desktop/Precificação_AI/Scraper_em_geral/mercadolivre/data/raw/195-60-r15/pneu-195-60-r15-michelin-energy-xm2_20250814_161226.csv"
michelin|205/60R15|energy xm2,michelin,energy xm2,205/60R15,49,"magazineluiza,mercadolivre",854.91,1301.0,1000.6793877551022,1000.0,854.91,1185.4,971.3020454545457,"user/Desktop/Precificação_AI/Scraper_em_geral/MagazineLuiza/data/raw/205-60-r15/pneu-20560r15-michelin-energy_20250808_094330.json,user/Desktop/Precificação_AI/Scraper_em_geral/MagazineLuiza/data/raw/205-60-r15/pneu-20560r15-michelin-energy_20250811_183311.csv,user/Desktop/Precificação_AI/Scraper_em_geral/MagazineLuiza/data/raw/205-60-r15/pneu-20560r15-michelin-energy_20250814_140416.csv,user/Desktop/Precificação_AI/Scraper_em_geral/mercadolivre/data/raw/205-60-r15/pneu-205-60-r15-michelin-energy_20250808_135304.csv"
michelin|205/65R15|energy xm2,michelin,energy xm2,205/65R15,1,mercadolivre,979.99,979.99,979.99,979.99,979.99,979.99,979.99,user/Desktop/Precificação_AI/Scraper_em_geral/mercadolivre/data/raw/205-65-r15/pneu-205-65-r15-michelin-ltx-force_20250808_141236.csv
michelin|205/65R16|energy xm2,michelin,energy xm2,205/65R16,3,magazineluiza,882.49,882.49,882.4900000000001,882.49,882.49,882.49,882.4900000000001,"user/Desktop/Precificação_AI/Scraper_em_geral/MagazineLuiza/data/raw/205-65-r16/pneu-20565r16-michelin-agilis_20250811_190941.csv,user/Desktop/Precificação_AI/Scraper_em_geral/MagazineLuiza/data/raw/205-65-r16/pneu-20565r16-michelin-agilis_20250814_142635.csv"
michelin||energy xm2,michelin,energy xm2,,4,mercadolivre,644.21,683.87,664.04,664.04,644.21,683.87,664.04,"user/Desktop/Precificação_AI/Scraper_em_geral/mercadolivre/data/raw/195-60-r15/pneu-195-60-r15-michelin-energy-xm2_20250811_151642.csv,user/Desktop/Precificação_AI/Scraper_em_geral/mercadolivre/data/raw/195-60-r15/pneu-195-60-r15-michelin-energy-xm2_20250814_161226.csv"
michelin|205/65R15|ltx force,michelin,ltx force,205/65R15,23,"magazineluiza,mercadolivre",769.89,1079.0,881.5152173913043,874.88,799.95,970.0020000000001,870.8988888888889,"user/Desktop/Precificação_AI/Scraper_em_geral/MagazineLuiza/data/raw/205-65-r15/pneu-20565r15-michelin-ltx-force_20250811_190144.csv,user/Desktop/Precificação_AI/Scraper_em_geral/MagazineLuiza/data/raw/205-65-r15/pneu-20565r15-michelin-ltx-force_20250814_142111.csv,user/Desktop/Precificação_AI/Scraper_em_geral/mercadolivre/data/raw/205-65-r15/pneu-205-65-r15-michelin-ltx-force_20250811_164212.csv"
michelin|205/70R15|ltx force,michelin,ltx force,205/70R15,2,magazineluiza,802.11,802.11,802.11,802.11,802.11,802.11,802.11,user/Desktop/Precificação_AI/Scraper_em_geral/MagazineLuiza/data/raw/205-70-r15/pneu-20570r15-michelin-ltx-force_20250811_192236.csv
michelin|205/55R17|powercontact,michelin,powercontact,205/55R17,1,pneustore,739.9,739.9,739.9,739.9,739.9,739.9,739.9,user/Desktop/Precificação_AI/Scraper_em_geral/pneustore/dados/raw/205-55-r17/pneu-20555r17-michelin-primacy_20250811_183449.csv
michelin|195/55R16|primacy,michelin,primacy,195/55R16,2,mercadolivre,199.99,199.99,199.99,199.99,199.99,199.99,199.99,"user/Desktop/Precificação_AI/Scraper_em_geral/mercadolivre/data/raw/195-55-r16/pneu-195-55-r16-michelin-primacy_20250811_145510.csv,user/Desktop/Precificação_AI/Scraper_em_geral/mercadolivre/data/raw/195-55-r16/pneu-195-55-r16-michelin-primacy_20250814_155516.csv"
michelin|205/55R16|primacy,michelin,primacy,205/55R16,13,mercadolivre,349.0,1349.0,966.8615384615385,1257.0,413.5200000000001,1340.4,1019.2444444444445,"user/Desktop/Precificação_AI/Scraper_em_geral/mercadolivre/data/raw/205-55-r16/pneu-205-55-r16-michelin-primacy_20250811_155032.csv,user/Desktop/Precificação_AI/Scraper_em_geral/mercadolivre/data/raw/205-55-r16/pneu-205-55-r16-michelin-primacy_20250814_163836.csv"
michelin|205/55R17|primacy,michelin,primacy,205/55R17,7,mercadolivre,949.19,2114.0,1578.027142857143,1913.0,998.876,2026.4,1596.6,user/Desktop/Precificação_AI/Scraper_em_geral/mercadolivre/data/raw/205-55-r17/pneu-205-55-r17-michelin-primacy_20250811_160743.csv
michelin|205/60R16|primacy,michelin,primacy,205/60R16,1,mercadolivre,1083.0,1083.0,1083.0,1083.0,1083.0,1083.0,1083.0,user/Desktop/Precificação_AI/Scraper_em_geral/mercadolivre/data/raw/205-60-r16/pneu-205-60-r16-michelin-primacy_20250811_162645.csv
michelin||primacy,michelin,primacy,,3,mercadolivre,582.0,1500.0,888.0,582.0,582.0,1316.4,582.0,"user/Desktop/Precificação_AI/Scraper_em_geral/mercadolivre/data/raw/205-50-r17/pneu-205-50-r17-michelin-primacy_20250811_154253.csv,user/Desktop/Precificação_AI/Scraper_em_geral/mercadolivre/data/raw/205-55-r16/pneu-205-55-r16-michelin-primacy_20250811_155032.csv,user/Desktop/Precificação_AI/Scraper_em_geral/mercadolivre/data/raw/205-55-r16/pneu-205-55-r16-michelin-primacy_20250814_163836.csv"
michelin|185/60R15|primacy 4,michelin,primacy 4,185/60R15,34,"magazineluiza,mercadolivre",525.99,1070.11,799.4935294117647,762.48,624.856,1016.6,818.7055172413792,"user/Desktop/Precificação_AI/Scraper_em_geral/MagazineLuiza/data/raw/185-60-r15/pneu-185-60-r15-michelin-primacy-4_20250804_120137.json,user/Desktop/Precificação_AI/Scraper_em_geral/MagazineLuiza/data/raw/185-60-r15/pneu-18560r15-michelin-primacy-4_20250807_151302.json,user/Desktop/Precificação_AI/Scraper_em_geral/MagazineLuiza/data/raw/185-60-r15/pneu-18560r15-michelin-primacy-4_20250808_145030.csv,user/Desktop/Precificação_AI/Scraper_em_geral/MagazineLuiza/data/raw/185-60-r15/pneu-18560r15-michelin-primacy-4_20250811_134405.csv,user/Desktop/Precificação_AI/Scraper_em_geral/MagazineLuiza/data/raw/185-60-r15/pneu-18560r15-michelin-primacy-4_20250814_123752.csv,user/Desktop/Precificação_AI/Scraper_em_geral/mercadolivre/data/raw/185-60-r15/pneu-185-60-r15-michelin-primacy-4_20250811_133654.csv,user/Desktop/Precificação_AI/Scraper_em_geral/mercadolivre/data/raw/185-60-r15/pneu-185-60-r15-michelin-primacy-4_20250814_144508.csv"
michelin|195/55R16|primacy 4,michelin,primacy 4,195/55R16,39,magazineluiza,741.17,891.44,787.1276923076924,757.79,741.17,891.44,787.1276923076924,"user/Desktop/Precificação_AI/Scraper_em_geral/MagazineLuiza/data/raw/195-55-r16/pneu-195-55-r16-michelinl-primacy-4_20250804_115612.json,user/Desktop/Precificação_AI/Scraper_em_geral/MagazineLuiza/data/raw/195-55-r16/pneu-19555r16-michelin-primacy_20250807_164728.json,user/Desktop/Precificação_AI/Scraper_em_geral/MagazineLuiza/data/raw/195-55-r16/pneu-19555r16-michelin-primacy_20250808_163608.csv,user/Desktop/Precificação_AI/Scraper_em_geral/MagazineLuiza/data/raw/195-55-r16/pneu-19555r16-michelin-primacy_20250811_160217.csv,user/Desktop/Precificação_AI/Scraper_em_geral/MagazineLuiza/data/raw/195-55-r16/pneu-19555r16-michelin-primacy_20250814_131702.csv"
michelin|195/65R15|primacy 4,michelin,primacy 4,195/65R15,31,magazineluiza,660.35,957.06,786.9316129032258,785.02,660.35,957.06,786.9316129032258,"user/Desktop/Precificação_AI/Scraper_em_geral/MagazineLuiza/data/raw/195-65-r15/pneu-19565r15-michelin-primacy_20250808_084751.json,user/Desktop/Precificação_AI/Scraper_em_geral/MagazineLuiza/data/raw/195-65-r15/pneu-19565r15-michelin-primacy_20250811_172227.csv,user/Desktop/Precificação_AI/Scraper_em_geral/MagazineLuiza/data/raw/195-65-r15/pneu-19565r15-michelin-primacy_20250814_133501.csv"
michelin|205/50R17|primacy 4,michelin,primacy 4,205/50R17,39,magazineluiza,936.04,1627.0,1117.314102564103,1044.91,936.04,1627.0,1117.314102564103,"user/Desktop/Precificação_AI/Scraper_em_geral/MagazineLuiza/data/raw/205-50-r17/pneu-20550r17-michelin-primacy_20250808_090715.json,user/Desktop/Precificação_AI/Scraper_em_geral/MagazineLuiza/data/raw/205-50-r17/pneu-20550r17-michelin-primacy_20250811_174907.csv,user/Desktop/Precificação_AI/Scraper_em_geral/MagazineLuiza/data/raw/205-50-r17/pneu-20550r17-michelin-primacy_20250814_134128.csv"
michelin|205/55R16|primacy 4,michelin,primacy 4,205/55R16,55,magazineluiza,559.97,938.69,669.1410909090911,655.95,566.64,820.0,651.2977777777777,"user/Desktop/Precificação_AI/Scraper_em_geral/MagazineLuiza/data/raw/205-55-r16/pneu-20555r16-michelin-primacy_20250808_091835.json,user/Desktop/Precificação_AI/Scraper_em_geral/MagazineLuiza/data/raw/205-55-r16/pneu-20555r16-michelin-primacy_20250811_180123.csv,user/Desktop/Precificação_AI/Scraper_em_geral/MagazineLuiza/data/raw/205-55-r16/pneu-20555r16-michelin-primacy_20250814_134827.csv"
michelin|205/55R17|primacy 4,michelin,primacy 4,205/55R17,27,magazineluiza,820.51,1363.8,1016.8344444444444,965.22,820.51,1232.1180000000004,974.6599999999999,"user/Desktop/Precificação_AI/Scraper_em_geral/MagazineLuiza/data/raw/205-55-r17/pneu-20555r17-michelin-primacy_20250808_094011.json,user/Desktop/Precificação_AI/Scraper_em_geral/MagazineLuiza/data/raw/205-55-r17/pneu-20555r17-michelin-primacy_20250811_182946.csv,user/Desktop/Precificação_AI/Scraper_em_geral/MagazineLuiza/data/raw/205-55-r17/pneu-20555r17-michelin-primacy_20250814_140216.csv"
michelin|205/60R16|primacy 4,michelin,primacy 4,205/60R16,15,magazineluiza,768.44,884.65,802.5153333333333,779.88,768.44,884.65,802.5153333333333,"user/Desktop/Precificação_AI/Scraper_em_geral/MagazineLuiza/data/raw/205-60-r16/pneu-20560r16-michelin-primacy_20250808_095953.json,user/Desktop/Precificação_AI/Scraper_em_geral/MagazineLuiza/data/raw/205-60-r16/pneu-20560r16-michelin-primacy_20250811_185124.csv,user/Desktop/Precificação_AI/Scraper_em_geral/MagazineLuiza/data/raw/205-60-r16/pneu-20560r16-michelin-primacy_20250814_141438.csv"
michelin|215/50R17|primacy 4,michelin,primacy 4,215/50R17,16,magazineluiza,758.1,1235.87,892.431875,824.565,758.1,1235.87,892.431875,"user/Desktop/Precificação_AI/Scraper_em_geral/MagazineLuiza/data/raw/215-50-r17/pneu-21550r17-michelin-primacy-4_20250811_193016.csv,user/Desktop/Precificação_AI/Scraper_em_geral/MagazineLuiza/data/raw/215-50-r17/pneu-21550r17-michelin-primacy-4_20250814_143815.csv"
michelin|215/55R17|primacy 4,michelin,primacy 4,215/55R17,23,magazineluiza,834.6,1486.85,1088.9339130434785,1009.7,864.64,1486.85,1113.1561904761907,"user/Desktop/Precificação_AI/Scraper_em_geral/MagazineLuiza/data/raw/215-55-r17/pneu-21555r17-michelin-primacy-4_20250811_195303.csv,user/Desktop/Precificação_AI/Scraper_em_geral/MagazineLuiza/data/raw/215-55-r17/pneu-21555r17-michelin-primacy-4_20250814_145058.csv"
michelin||primacy 4,michelin,primacy 4,,1,mercadolivre,700.0,700.0,700.0,700.0,700.0,700.0,700.0,user/Desktop/Precificação_AI/Scraper_em_geral/mercadolivre/data/raw/215-55-r17/pneu-215-55-r17-michelin-primacy-4_20250811_172412.csv
michelin|205/55R17|scorpion,michelin,scorpion,205/55R17,3,pneustore,645.23,840.79,713.6766666666666,655.01,647.186,803.634,655.01,user/Desktop/Precificação_AI/Scraper_em_geral/pneustore/dados/raw/205-55-r17/pneu-20555r17-michelin-primacy_20250811_183449.csv
michelin|205/55R17|wrangler,michelin,wrangler,205/55R17,1,pneustore,782.13,782.13,782.13,782.13,782.13,782.13,782.13,user/Desktop/Precificação_AI/Scraper_em_geral/pneustore/dados/raw/205-55-r17/pneu-20555r17-michelin-primacy_20250811_183449.csv
michelin|185/60R15|xl tl primacy,michelin,xl tl primacy,185/60R15,6,magazineluiza,670.74,722.66,679.3933333333333,670.74,670.74,696.7,670.74,"user/Desktop/Precificação_AI/Scraper_em_geral/MagazineLuiza/data/raw/185-60-r15/pneu-185-60-r15-michelin-primacy-4_20250804_120137.json,user/Desktop/Precificação_AI/Scraper_em_geral/MagazineLuiza/data/raw/185-60-r15/pneu-18560r15-michelin-primacy-4_20250807_151302.json,user/Desktop/Precificação_AI/Scraper_em_geral/MagazineLuiza/data/raw/185-60-r15/pneu-18560r15-michelin-primacy-4_20250808_145030.csv"
michelin|205/50R17|xl tl primacy,michelin,xl tl primacy,205/50R17,1,magazineluiza,967.43,967.43,967.43,967.43,967.43,967.43,967.43,user/Desktop/Precificação_AI/Scraper_em_geral/MagazineLuiza/data/raw/205-50-r17/pneu-20550r17-michelin-primacy_20250808_090715.json
michelin|205/55R17|xl tl primacy,michelin,xl tl primacy,205/55R17,1,magazineluiza,848.17,848.17,848.17,848.17,848.17,848.17,848.17,user/Desktop/Precificação_AI/Scraper_em_geral/MagazineLuiza/data/raw/205-55-r17/pneu-20555r17-michelin-primacy_20250808_094011.json
michelin|205/55R16,michelin,,205/55R16,2,magazineluiza,1490.73,1490.73,1490.73,1490.73,1490.73,1490.73,1490.73,"user/Desktop/Precificação_AI/Scraper_em_geral/MagazineLuiza/data/raw/205-55-r16/pneu-20555r16-michelin-primacy_20250811_180123.csv,user/Desktop/Precificação_AI/Scraper_em_geral/MagazineLuiza/data/raw/205-55-r16/pneu-20555r16-michelin-primacy_20250814_134827.csv"
michelin|205/55R17,michelin,,205/55R17,17,"magazineluiza,pneustore",400.79,1626.24,1264.5829411764707,1467.66,479.014,1626.24,1375.5180000000003,"user/Desktop/Precificação_AI/Scraper_em_geral/MagazineLuiza/data/raw/205-55-r17/pneu-20555r17-michelin-primacy_20250811_182946.csv,user/Desktop/Precificação_AI/Scraper_em_geral/MagazineLuiza/data/raw/205-55-r17/pneu-20555r17-michelin-primacy_20250814_140216.csv,user/Desktop/Precificação_AI/Scraper_em_geral/pneustore/dados/raw/205-55-r17/pneu-20555r17-michelin-primacy_20250811_183449.csv"
pirelli,pirelli,,,3,mercadolivre,785.61,979.6,887.8133333333334,898.23,808.134,963.326,898.23,user/Desktop/Precificação_AI/Scraper_em_geral/mercadolivre/data/raw/215-50-r17/pneu-215-50-r17-pirelli-cint-p7_20250808_143042.csv
pirelli|175/70R14,pirelli,,175/70R14,3,magazineluiza,500.0,677.51,568.5866666666667,528.25,505.65,647.658,528.25,"user/Desktop/Precificação_AI/Scraper_em_geral/MagazineLuiza/data/raw/175-70-r14/pneu-175-70-r14-pirelli-p400-evo_20250801_111336.csv,user/Desktop/Precificação_AI/Scraper_em_geral/MagazineLuiza/data/raw/175-70-r14/pneu-17570r14-pirelli-p400-evo_20250807_143731.json,user/Desktop/Precificação_AI/Scraper_em_geral/MagazineLuiza/data/raw/175-70-r14/pneu-17570r14-pirelli-p400-evo_20250808_141258.csv"
pirelli|185/60R15,pirelli,,185/60R15,4,magazineluiza,632.43,632.43,632.43,632.43,632.43,632.43,632.43,"user/Desktop/Precificação_AI/Scraper_em_geral/MagazineLuiza/data/raw/185-60-r15/pneu-18560r15-pirelli-p400-evo_20250807_153022.json,user/Desktop/Precificação_AI/Scraper_em_geral/MagazineLuiza/data/raw/185-60-r15/pneu-18560r15-pirelli-p400-evo_20250808_150835.csv"
pirelli|195/55R15,pirelli,,195/55R15,1,mercadolivre,809.9,809.9,809.9,809.9,809.9,809.9,809.9,user/Desktop/Precificação_AI/Scraper_em_geral/mercadolivre/data/raw/195-55-r15/pneu-195-55-r15-pirelli-p400-evo_20250808_130132.csv
pirelli|205/65R16,pirelli,,205/65R16,6,mercadolivre,715.36,829.9,753.5916666666667,746.335,715.36,799.0799999999999,738.33,user/Desktop/Precificação_AI/Scraper_em_geral/mercadolivre/data/raw/205-65-r16/pneu-205-65-r16-pirelli-scorpion-ks_20250808_141318.csv
pirelli|215/50R17,pirelli,,215/50R17,61,mercadolivre,55.95,1207.0,806.0575409836065,797.61,652.0,1039.0,816.2159183673468,user/Desktop/Precificação_AI/Scraper_em_geral/mercadolivre/data/raw/215-50-r17/pneu-215-50-r17-pirelli-cint-p7_20250808_143042.csv
pirelli|205/70R15|15 formula,pirelli,15 formula,205/70R15,1,pneustore,488.79,488.79,488.79,488.79,488.79,488.79,488.79,user/Desktop/Precificação_AI/Scraper_em_geral/pneustore/dados/raw/205-70-r15/pneu-20570r15-pirelli-powergy_20250811_194643.csv
pirelli|215/50R17|cinturato p7,pirelli,cinturato p7,215/50R17,78,"magazineluiza,mercadolivre,pneustore",55.95,1207.0,820.2683333333332,811.0699999999999,667.554,995.793,830.1914516129032,"user/Desktop/Precificação_AI/Scraper_em_geral/MagazineLuiza/data/raw/215-50-r17/pneu-21550r17-pirelli-cint-p7_20250811_193531.csv,user/Desktop/Precificação_AI/Scraper_em_geral/MagazineLuiza/data/raw/215-50-r17/pneu-21550r17-pirelli-cint-p7_20250814_144123.csv,user/Desktop/Precificação_AI/Scraper_em_geral/mercadolivre/data/raw/215-50-r17/pneu-215-50-r17-pirelli-cint-p7_20250811_171009.csv,user/Desktop/Precificação_AI/Scraper_em_geral/pneustore/dados/raw/215-50-r17/pneu-21550r17-pirelli-cint-p7_20250811_195716.csv"
pirelli||cinturato p7,pirelli,cinturato p7,,3,mercadolivre,785.61,979.6,887.8133333333334,898.23,808.134,963.326,898.23,user/Desktop/Precificação_AI/Scraper_em_geral/mercadolivre/data/raw/215-50-r17/pneu-215-50-r17-pirelli-cint-p7_20250811_171009.csv
pirelli|175/70R13|formula evo,pirelli,formula evo,175/70R13,4,mercadolivre,393.3,599.9,496.775,496.95,404.01,589.4,496.95,user/Desktop/Precificação_AI/Scraper_em_geral/mercadolivre/data/raw/175-70-r13/pneu-175-70-r13-formula-energy_20250808_113705.csv
pirelli|175/65R14|p400,pirelli,p400,175/65R14,30,"magazineluiza,mercadolivre",349.0,2500.0,619.4936666666667,442.69,350.55,799.0,495.64653846153846,"user/Desktop/Precificação_AI/Scraper_em_geral/MagazineLuiza/data/raw/175-65-r14/pneu-17565r14-pirelli-p400-evo_20250811_122404.csv,user/Desktop/Precificação_AI/Scraper_em_geral/MagazineLuiza/data/raw/175-65-r14/pneu-17565r14-pirelli-p400-evo_20250814_115923.csv,user/Desktop/Precificação_AI/Scraper_em_geral/mercadolivre/data/raw/175-65-r14/pneu-175-65-r14-pirelli-p400-evo_20250808_112816.csv"
pirelli|175/70R14|p400,pirelli,p400,175/70R14,30,magazineluiza,357.21,666.88,554.237,593.905,379.9,627.67,560.7280769230769,"user/Desktop/Precificação_AI/Scraper_em_geral/MagazineLuiza/data/raw/175-70-r14/pneu-175-70-r14-pirelli-p400-evo_20250801_111336.csv,user/Desktop/Precificação_AI/Scraper_em_geral/MagazineLuiza/data/raw/175-70-r14/pneu-17570r14-pirelli-p400-evo_20250811_130358.csv,user/Desktop/Precificação_AI/Scraper_em_geral/MagazineLuiza/data/raw/175-70-r14/pneu-17570r14-pirelli-p400-evo_20250814_121857.csv"
pirelli|185/60R15|p400,pirelli,p400,185/60R15,31,"magazineluiza,mercadolivre",463.66,742.28,568.084193548387,552.0,464.77,709.64,559.7115999999999,"user/Desktop/Precificação_AI/Scraper_em_geral/MagazineLuiza/data/raw/185-60-r15/pneu-18560r15-pirelli-p400-evo_20250811_140312.csv,user/Desktop/Precificação_AI/Scraper_em_geral/MagazineLuiza/data/raw/185-60-r15/pneu-18560r15-pirelli-p400-evo_20250814_124621.csv,user/Desktop/Precificação_AI/Scraper_em_geral/MagazineLuiza/data/raw/185-60-r15/pneu-18560r15-pirelli-p400_20250811_135406.csv,user/Desktop/Precificação_AI/Scraper_em_geral/MagazineLuiza/data/raw/185-60-r15/pneu-18560r15-pirelli-p400_20250814_124248.csv,user/Desktop/Precificação_AI/Scraper_em_geral/mercadolivre/data/raw/185-60-r15/pneu-185-60-r15-pirelli-p400_20250811_134411.csv,user/Desktop/Precificação_AI/Scraper_em_geral/mercadolivre/data/raw/185-60-r15/pneu-185-60-r15-pirelli-p400_20250814_145024.csv"
pirelli|195/55R15|p400,pirelli,p400,195/55R15,11,magazineluiza,407.53,720.37,539.0145454545454,499.66,407.53,720.37,539.0145454545454,user/Desktop/Precificação_AI/Scraper_em_geral/MagazineLuiza/data/raw/195-55-r15/pneu-19555r15-pirelli-p400-evo_20250811_155523.csv
pirelli|205/55R16|p400,pirelli,p400,205/55R16,27,"magazineluiza,mercadolivre",403.22,756.39,529.7685185185185,521.89,407.9,689.4660000000002,510.36999999999995,"user/Desktop/Precificação_AI/Scraper_em_geral/MagazineLuiza/data/raw/205-55-r16/pneu-20555r16-pirelli-p400-evo_20250811_175451.csv,user/Desktop/Precificação_AI/Scraper_em_geral/MagazineLuiza/data/raw/205-55-r16/pneu-20555r16-pirelli-p400-evo_20250814_134537.csv,user/Desktop/Precificação_AI/Scraper_em_geral/mercadolivre/data/raw/205-55-r16/pneu-205-55-r16-pirelli-p400-evo_20250808_133818.csv"
pirelli||p400 evo,pirelli,p400 evo,,2,mercadolivre,622.44,697.75,660.095,660.095,629.971,690.219,,user/Desktop/Precificação_AI/Scraper_em_geral/mercadolivre/data/raw/195-55-r15/pneu-195-55-r15-pirelli-p400-evo_20250808_130132.csv
pirelli|175/65R14|p400 evo,pirelli,p400 evo,175/65R14,141,"magazineluiza,mercadolivre",160.0,2500.0,539.6956028368794,490.0,359.9,574.71,484.23217391304354,"user/Desktop/Precificação_AI/Scraper_em_geral/MagazineLuiza/data/raw/175-65-r14/pneu-17565r14-pirelli-p400-evo_20250807_140713.json,user/Desktop/Precificação_AI/Scraper_em_geral/MagazineLuiza/data/raw/175-65-r14/pneu-17565r14-pirelli-p400-evo_20250808_134249.csv,user/Desktop/Precificação_AI/Scraper_em_geral/mercadolivre/data/raw/175-65-r14/pneu-175-65-r14-pirelli-p400-evo_20250808_112816.csv,user/Desktop/Precificação_AI/Scraper_em_geral/mercadolivre/data/raw/175-65-r14/pneu-175-65-r14-pirelli-p400-evo_20250811_125200.csv,user/Desktop/Precificação_AI/Scraper_em_geral/mercadolivre/data/raw/175-65-r14/pneu-175-65-r14-pirelli-p400-evo_20250814_140029.csv"
pirelli|175/70R14|p400 evo,pirelli,p400 evo,175/70R14,164,"magazineluiza,mercadolivre",319.12,2141.11,600.0993292682928,588.81,468.61,670.693,582.9290839694656,"user/Desktop/Precificação_AI/Scraper_em_geral/MagazineLuiza/data/raw/175-70-r14/pneu-175-70-r14-pirelli-p400-evo_20250801_105134.csv,user/Desktop/Precificação_AI/Scraper_em_geral/MagazineLuiza/data/raw/175-70-r14/pneu-175-70-r14-pirelli-p400-evo_20250801_111336.csv,user/Desktop/Precificação_AI/Scraper_em_geral/MagazineLuiza/data/raw/175-70-r14/pneu-17570r14-pirelli-p400-evo_20250807_143731.json,user/Desktop/Precificação_AI/Scraper_em_geral/MagazineLuiza/data/raw/175-70-r14/pneu-17570r14-pirelli-p400-evo_20250808_141258.csv,user/Desktop/Precificação_AI/Scraper_em_geral/mercadolivre/data/JSON/pneu-175-70-r14-pirelli-p400-evo_20250801_113029.json,user/Desktop/Precificação_AI/Scraper_em_geral/mercadolivre/data/raw/175-70-r14/pneu-175-70-r14-pirelli-p400-evo_20250808_114740.csv,user/Desktop/Precificação_AI/Scraper_em_geral/mercadolivre/data/raw/175-70-r14/pneu-175-70-r14-pirelli-p400-evo_20250811_131550.csv,user/Desktop/Precificação_AI/Scraper_em_geral/mercadolivre/data/raw/175-70-r14/pneu-175-70-r14-pirelli-p400-evo_20250814_142311.csv"
pirelli|185/60R15|p400 evo,pirelli,p400 evo,185/60R15,125,"magazineluiza,mercadolivre",451.8,1589.0,646.5559999999999,634.6,501.81199999999995,746.99,630.9922772277228,"user/Desktop/Precificação_AI/Scraper_em_geral/MagazineLuiza/data/raw/185-60-r15/pneu-185-60-r15-pirelli-p400_20250804_141010.json,user/Desktop/Precificação_AI/Scraper_em_geral/MagazineLuiza/data/raw/185-60-r15/pneu-18560r15-pirelli-p400-evo_20250807_153022.json,user/Desktop/Precificação_AI/Scraper_em_geral/MagazineLuiza/data/raw/185-60-r15/pneu-18560r15-pirelli-p400-evo_20250808_150835.csv,user/Desktop/Precificação_AI/Scraper_em_geral/MagazineLuiza/data/raw/185-60-r15/pneu-18560r15-pirelli-p400_20250808_145920.csv,user/Desktop/Precificação_AI/Scraper_em_geral/mercadolivre/data/raw/185-60-r15/pneu-185-60-r15-pirelli-p400-evo_20250808_121302.csv,user/Desktop/Precificação_AI/Scraper_em_geral/mercadolivre/data/raw/185-60-r15/pneu-185-60-r15-pirelli-p400-evo_20250811_134817.csv,user/Desktop/Precificação_AI/Scraper_em_geral/mercadolivre/data/raw/185-60-r15/pneu-185-60-r15-pirelli-p400-evo_20250814_145547.csv,user/Desktop/Precificação_AI/Scraper_em_geral/mercadolivre/data/raw/185-60-r15/pneu-185-60-r15-pirelli-p400_20250808_120930.csv"
pirelli|195/55R15|p400 evo,pirelli,p400 evo,195/55R15,112,"magazineluiza,mercadolivre",389.0,1223.0,649.8730357142857,619.655,499.57,881.9000000000004,624.5181818181819,"user/Desktop/Precificação_AI/Scraper_em_geral/MagazineLuiza/data/raw/195-55-r15/pneu-195-55-r15-pirelli-p400-evo_20250805_105228.json,user/Desktop/Precificação_AI/Scraper_em_geral/MagazineLuiza/data/raw/195-55-r15/pneu-19555r15-pirelli-p400-evo_20250807_164301.json,user/Desktop/Precificação_AI/Scraper_em_geral/MagazineLuiza/data/raw/195-55-r15/pneu-19555r15-pirelli-p400-evo_20250808_163133.csv,user/Desktop/Precificação_AI/Scraper_em_geral/mercadolivre/data/raw/195-55-r15/pneu-195-55-r15-pirelli-p400-evo_20250808_130132.csv,user/Desktop/Precificação_AI/Scraper_em_geral/mercadolivre/data/raw/195-55-r15/pneu-195-55-r15-pirelli-p400-evo_20250811_145043.csv,user/Desktop/Precificação_AI/Scraper_em_geral/mercadolivre/data/raw/195-55-r15/pneu-195-55-r15-pirelli-p400-evo_20250814_155229.csv"
pirelli|205/55R16|p400 evo,pirelli,p400 evo,205/55R16,116,"magazineluiza,mercadolivre",384.9,2311.0,618.7105172413792,574.575,486.0,680.0150000000001,567.5584946236559,"user/Desktop/Precificação_AI/Scraper_em_geral/MagazineLuiza/data/raw/205-55-r16/pneu-20555r16-pirelli-p400-evo_20250808_091345.json,user/Desktop/Precificação_AI/Scraper_em_geral/mercadolivre/data/raw/205-55-r16/pneu-205-55-r16-pirelli-p400-evo_20250808_133818.csv,user/Desktop/Precificação_AI/Scraper_em_geral/mercadolivre/data/raw/205-55-r16/pneu-205-55-r16-pirelli-p400-evo_20250811_154711.csv,user/Desktop/Precificação_AI/Scraper_em_geral/mercadolivre/data/raw/205-55-r16/pneu-205-55-r16-pirelli-p400-evo_20250814_163628.csv"
pirelli||p400 evo,pirelli,p400 evo,,4,mercadolivre,622.44,697.75,660.095,660.095,622.44,697.75,660.095,"user/Desktop/Precificação_AI/Scraper_em_geral/mercadolivre/data/raw/195-55-r15/pneu-195-55-r15-pirelli-p400-evo_20250811_145043.csv,user/Desktop/Precificação_AI/Scraper_em_geral/mercadolivre/data/raw/195-55-r15/pneu-195-55-r15-pirelli-p400-evo_20250814_155229.csv"
pirelli|215/55R17|scorpion,pirelli,scorpion,215/55R17,23,"mercadolivre,pneustore",684.35,1240.0,969.3860869565219,961.19,800.22,1165.0,977.3322222222224,"user/Desktop/Precificação_AI/Scraper_em_geral/mercadolivre/data/raw/215-55-r17/pneu-215-55-r17-pirelli-scorpion_20250811_171501.csv,user/Desktop/Precificação_AI/Scraper_em_geral/pneustore/dados/raw/215-55-r17/pneu-21555r17-pirelli-scorpion_20250811_200243.csv"
pirelli||scorpion,pirelli,scorpion,,2,mercadolivre,818.99,1049.0,933.995,933.995,841.991,1025.999,,user/Desktop/Precificação_AI/Scraper_em_geral/mercadolivre/data/raw/215-55-r17/pneu-215-55-r17-pirelli-scorpion_20250811_171501.csv
pirelli|205/65R16|scorpion ks,pirelli,scorpion ks,205/65R16,12,mercadolivre,659.37,915.8,775.2933333333334,768.26,711.436,855.338,770.10625,user/Desktop/Precificação_AI/Scraper_em_geral/mercadolivre/data/raw/205-65-r16/pneu-205-65-r16-pirelli-scorpion-ks_20250811_164335.csv
pirelli|205/65R16,pirelli,,205/65R16,13,magazineluiza,627.73,760.55,669.5138461538461,642.81,630.064,752.208,658.5688888888889,"user/Desktop/Precificação_AI/Scraper_em_geral/MagazineLuiza/data/raw/205-65-r16/pneu-20565r16-pirelli-scorpion-ks_20250811_190350.csv,user/Desktop/Precificação_AI/Scraper_em_geral/MagazineLuiza/data/raw/205-65-r16/pneu-20565r16-pirelli-scorpion-ks_20250814_142310.csv"
pirelli|205/70R15,pirelli,,205/70R15,16,magazineluiza,689.0,1080.03,927.87875,941.64,748.2049999999999,1080.03,962.0042857142859,"user/Desktop/Precificação_AI/Scraper_em_geral/MagazineLuiza/data/raw/205-70-r15/pneu-20570r15-pirelli-powergy_20250811_192604.csv,user/Desktop/Precificação_AI/Scraper_em_geral/MagazineLuiza/data/raw/205-70-r15/pneu-20570r15-pirelli-powergy_20250814_143534.csv"
pirelli|215/50R17,pirelli,,215/50R17,4,magazineluiza,798.25,798.25,798.25,798.25,798.25,798.25,798.25,"user/Desktop/Precificação_AI/Scraper_em_geral/MagazineLuiza/data/raw/215-50-r17/pneu-21550r17-pirelli-cint-p7_20250811_193531.csv,user/Desktop/Precificação_AI/Scraper_em_geral/MagazineLuiza/data/raw/215-50-r17/pneu-21550r17-pirelli-cint-p7_20250814_144123.csv"
pirelli|215/55R17,pirelli,,215/55R17,24,magazineluiza,100.0,1244.34,883.8337499999999,790.02,686.14,1232.166,878.6842105263158,"user/Desktop/Precificação_AI/Scraper_em_geral/MagazineLuiza/data/raw/215-55-r17/pneu-21555r17-pirelli-scorpion_20250811_194144.csv,user/Desktop/Precificação_AI/Scraper_em_geral/MagazineLuiza/data/raw/215-55-r17/pneu-21555r17-pirelli-scorpion_20250814_144451.csv"
remold,remold,,,2,mercadolivre,474.99,960.29,717.64,717.64,523.52,911.76,,user/Desktop/Precificação_AI/Scraper_em_geral/mercadolivre/data/raw/175-70-r13/pneu-175-70-r13-formula-energy_20250808_113705.csv
remold|175/70R13,remold,,175/70R13,1,mercadolivre,359.17,359.17,359.17,359.17,359.17,359.17,359.17,user/Desktop/Precificação_AI/Scraper_em_geral/mercadolivre/data/raw/175-70-r13/pneu-175-70-r13-formula-energy_20250808_113705.csv
sumitomo|175/65R14,sumitomo,,175/65R14,2,mercadolivre,399.0,411.0,405.0,405.0,400.2,409.8,,user/Desktop/Precificação_AI/Scraper_em_geral/mercadolivre/data/raw/175-65-r14/pneu-175-65-r14-sumitomo-bc20_20250808_112311.csv
sumitomo|205/60R16|bc100,sumitomo,bc100,205/60R16,84,mercadolivre,210.98,1838.0,650.1555952380952,631.97,437.187,893.966,633.0025757575758,user/Desktop/Precificação_AI/Scraper_em_geral/mercadolivre/data/raw/205-60-r16/pneu-205-60-r16-sumitomo-bc100_20250811_163402.csv
sumitomo||bc100,sumitomo,bc100,,5,mercadolivre,298.0,560.69,356.156,310.7,298.76,461.01000000000005,307.3633333333333,user/Desktop/Precificação_AI/Scraper_em_geral/mercadolivre/data/raw/205-60-r16/pneu-205-60-r16-sumitomo-bc100_20250811_163402.csv
sumitomo||bc20,sumitomo,bc20,,5,magazineluiza,362.11,386.52,369.024,367.19,362.11,378.788,364.65,"user/Desktop/Precificação_AI/Scraper_em_geral/MagazineLuiza/data/raw/175-65-r14/pneu-17565r14-sumitomo-bc20_20250807_135809.json,user/Desktop/Precificação_AI/Scraper_em_geral/MagazineLuiza/data/raw/175-65-r14/pneu-17565r14-sumitomo-bc20_20250808_133322.csv,user/Desktop/Precificação_AI/Scraper_em_geral/MagazineLuiza/data/raw/185-65-r14/pneu-185-65-r14-sumitomo-bc20_20250804_145721.json,user/Desktop/Precificação_AI/Scraper_em_geral/MagazineLuiza/data/raw/185-65-r14/pneu-18565r14-sumitomo-bc20_20250807_154353.json,user/Desktop/Precificação_AI/Scraper_em_geral/MagazineLuiza/data/raw/185-65-r14/pneu-18565r14-sumitomo-bc20_20250808_152259.csv"
sumitomo|175/65R14|bc20,sumitomo,bc20,175/65R14,65,"magazineluiza,mercadolivre",332.41,542.85,444.48861538461534,429.0,387.762,531.994,444.83294117647057,"user/Desktop/Precificação_AI/Scraper_em_geral/MagazineLuiza/data/raw/175-65-r14/pneu-175-65-r14-sumitomo-bc20_20250804_095243.json,user/Desktop/Precificação_AI/Scraper_em_geral/MagazineLuiza/data/raw/175-65-r14/pneu-17565r14-sumitomo-bc20_20250807_135809.json,user/Desktop/Precificação_AI/Scraper_em_geral/MagazineLuiza/data/raw/175-65-r14/pneu-17565r14-sumitomo-bc20_20250808_133322.csv,user/Desktop/Precificação_AI/Scraper_em_geral/MagazineLuiza/data/raw/175-65-r14/pneu-17565r14-sumitomo-bc20_20250811_121503.csv,user/Desktop/Precificação_AI/Scraper_em_geral/MagazineLuiza/data/raw/175-65-r14/pneu-17565r14-sumitomo-bc20_20250814_115419.csv,user/Desktop/Precificação_AI/Scraper_em_geral/mercadolivre/data/raw/175-65-r14/pneu-175-65-r14-sumitomo-bc20_20250808_112311.csv,user/Desktop/Precificação_AI/Scraper_em_geral/mercadolivre/data/raw/175-65-r14/pneu-175-65-r14-sumitomo-bc20_20250811_124424.csv,user/Desktop/Precificação_AI/Scraper_em_geral/mercadolivre/data/raw/175-65-r14/pneu-175-65-r14-sumitomo-bc20_20250814_135408.csv"
sumitomo|185/65R14|bc20,sumitomo,bc20,185/65R14,34,"magazineluiza,mercadolivre",367.19,549.0,462.2767647058823,440.55,386.52,539.38,459.86310344827575,"user/Desktop/Precificação_AI/Scraper_em_geral/MagazineLuiza/data/raw/185-65-r14/pneu-185-65-r14-sumitomo-bc20_20250804_145721.json,user/Desktop/Precificação_AI/Scraper_em_geral/MagazineLuiza/data/raw/185-65-r14/pneu-18565r14-sumitomo-bc20_20250807_154353.json,user/Desktop/Precificação_AI/Scraper_em_geral/MagazineLuiza/data/raw/185-65-r14/pneu-18565r14-sumitomo-bc20_20250808_152259.csv,user/Desktop/Precificação_AI/Scraper_em_geral/MagazineLuiza/data/raw/185-65-r14/pneu-18565r14-sumitomo-bc20_20250811_142140.csv,user/Desktop/Precificação_AI/Scraper_em_geral/MagazineLuiza/data/raw/185-65-r14/pneu-18565r14-sumitomo-bc20_20250814_125352.csv,user/Desktop/Precificação_AI/Scraper_em_geral/mercadolivre/data/raw/185-65-r14/pneu-185-65-r14-sumitomo-bc20_20250808_122019.csv,user/Desktop/Precificação_AI/Scraper_em_geral/mercadolivre/data/raw/185-65-r14/pneu-185-65-r14-sumitomo-bc20_20250811_135800.csv,user/Desktop/Precificação_AI/Scraper_em_geral/mercadolivre/data/raw/185-65-r14/pneu-185-65-r14-sumitomo-bc20_20250814_150328.csv"
sumitomo|215/55R16|efficientgrip,sumitomo,efficientgrip,215/55R16,1,pneustore,888.78,888.78,888.78,888.78,888.78,888.78,888.78,user/Desktop/Precificação_AI/Scraper_em_geral/pneustore/dados/raw/215-55-r16/pneu-21555r16-sumitomo-bc100_20250811_194908.csv
sumitomo|215/55R16,sumitomo,,215/55R16,2,pneustore,400.79,449.68,425.235,425.235,405.67900000000003,444.791,,user/Desktop/Precificação_AI/Scraper_em_geral/pneustore/dados/raw/215-55-r16/pneu-21555r16-sumitomo-bc100_20250811_194908.csv
yokohama|175/70R13,yokohama,,175/70R13,1,mercadolivre,494.0,494.0,494.0,494.0,494.0,494.0,494.0,user/Desktop/Precificação_AI/Scraper_em_geral/mercadolivre/data/raw/175-70-r13/pneu-175-70-r13-formula-energy_20250808_113705.csv
,,,,13,mercadolivre,311.49,881.97,689.4392307692308,712.6,569.2460000000001,860.3420000000001,704.2177777777777,"user/Desktop/Precificação_AI/Scraper_em_geral/mercadolivre/data/raw/195-55-r16/pneu-195-55-r16-continental-powercontact_20250808_130538.csv,user/Desktop/Precificação_AI/Scraper_em_geral/mercadolivre/data/raw/195-65-r15/pneu-195-65-r15-continental-powercontact_20250808_132353.csv,user/Desktop/Precificação_AI/Scraper_em_geral/mercadolivre/data/raw/205-55-r16/pneu-205-55-r16-continental-powercontact_20250808_134505.csv,user/Desktop/Precificação_AI/Scraper_em_geral/mercadolivre/data/raw/205-55-r16/pneu-205-55-r16-goodyear-eagle_20250808_135018.csv,user/Desktop/Precificação_AI/Scraper_em_geral/mercadolivre/data/raw/205-60-r16/pneu-205-60-r16-sumitomo-bc100_20250808_140805.csv"
175/65R14,,,175/65R14,16,mercadolivre,319.0,465.46,413.714375,418.56,359.805,465.46,425.03714285714284,"user/Desktop/Precificação_AI/Scraper_em_geral/mercadolivre/data/raw/175-65-r14/pneu-175-65-r14-goodyear-direction_20250808_112624.csv,user/Desktop/Precificação_AI/Scraper_em_geral/mercadolivre/data/raw/175-65-r14/pneu-175-65r14-goodyear-direction_20250805_141018.csv"
175/70R13,,,175/70R13,47,mercadolivre,279.89,599.9,394.16872340425533,377.09,334.178,468.13,387.6405263157895,"user/Desktop/Precificação_AI/Scraper_em_geral/mercadolivre/data/raw/175-70-r13/pneu-175-70-r13-formula-energy_20250808_113705.csv,user/Desktop/Precificação_AI/Scraper_em_geral/mercadolivre/data/raw/175-70-r13/pneu-175-70-r13-goodyear-kelly-edge_20250808_114553.csv,user/Desktop/Precificação_AI/Scraper_em_geral/mercadolivre/data/raw/175-70-r13/pneu-175-70r13-formula-energy_20250805_141741.csv,user/Desktop/Precificação_AI/Scraper_em_geral/mercadolivre/data/raw/175-70-r13/pneu-175-70r13-goodyear-kelly-edge_20250805_142304.csv"
175/70R14,,,175/70R14,4,mercadolivre,415.9,473.05,444.47499999999997,444.475,415.9,473.05,444.47499999999997,"user/Desktop/Precificação_AI/Scraper_em_geral/mercadolivre/data/raw/175-70-r14/pneu-175-70-r14-dunlop-sp-touring_20250808_115509.csv,user/Desktop/Precificação_AI/Scraper_em_geral/mercadolivre/data/raw/175-70-r14/pneu-175-70-r14-pirelli-p400-evo_20250808_114740.csv,user/Desktop/Precificação_AI/Scraper_em_geral/mercadolivre/data/raw/175-70-r14/pneu-175-70r14-dunlop-sp-touring_20250805_142822.csv,user/Desktop/Precificação_AI/Scraper_em_geral/mercadolivre/data/raw/175-70-r14/pneu-175-70r14-pirelli-p400-evo_20250805_142404.csv"
185/60R14,,,185/60R14,27,mercadolivre,277.02,696.36,386.5507407407407,359.18,309.59,448.524,378.61428571428576,"user/Desktop/Precificação_AI/Scraper_em_geral/mercadolivre/data/raw/185-60-r14/pneu-185-60-r14-dunlop-lm704_20250808_120309.csv,user/Desktop/Precificação_AI/Scraper_em_geral/mercadolivre/data/raw/185-60-r14/pneu-185-60r14-dunlop-lm704_20250805_143422.csv"
185/60R15,,,185/60R15,1,mercadolivre,641.0,641.0,641.0,641.0,641.0,641.0,641.0,user/Desktop/Precificação_AI/Scraper_em_geral/mercadolivre/data/raw/185-60-r15/pneu-185-60r15-firestone-f700_20250805_143703.csv
185/70R14,,,185/70R14,1,mercadolivre,584.99,584.99,584.99,584.99,584.99,584.99,584.99,user/Desktop/Precificação_AI/Scraper_em_geral/mercadolivre/data/raw/185-70-r14/pneu-185-70-r14-continental-powercontact_20250808_123721.csv
195/50R16,,,195/50R16,21,mercadolivre,324.71,856.0,475.9028571428572,455.97,413.69,560.63,463.0423529411765,user/Desktop/Precificação_AI/Scraper_em_geral/mercadolivre/data/raw/195-50-r16/pneu-195-50-r16-goodyear-kelly_20250808_124707.csv
195/55R16,,,195/55R16,15,mercadolivre,99.0,638.13,424.206,426.76,354.618,576.4,422.89909090909094,user/Desktop/Precificação_AI/Scraper_em_geral/mercadolivre/data/raw/195-55-r16/pneu-195-55-r16-falken-ziex_20250808_130235.csv
195/65R15,,,195/65R15,1,mercadolivre,415.33,415.33,415.33,415.33,415.33,415.33,415.33,user/Desktop/Precificação_AI/Scraper_em_geral/mercadolivre/data/raw/195-65-r15/pneu-195-65-r15-firestone-f700_20250808_133009.csv
205/55R16,,,205/55R16,2,mercadolivre,605.51,605.51,605.51,605.51,605.51,605.51,605.51,user/Desktop/Precificação_AI/Scraper_em_geral/mercadolivre/data/raw/205-55-r16/pneu-205-55-r16-continental-powercontact_20250808_134505.csv
205/60R16,,,205/60R16,33,mercadolivre,210.98,1838.0,557.8812121212122,510.5,430.818,662.9380000000001,526.292,user/Desktop/Precificação_AI/Scraper_em_geral/mercadolivre/data/raw/205-60-r16/pneu-205-60-r16-sumitomo-bc100_20250808_140805.csv
195/65R15|eagle,,eagle,195/65R15,1,mercadolivre,119.99,119.99,119.99,119.99,119.99,119.99,119.99,user/Desktop/Precificação_AI/Scraper_em_geral/mercadolivre/data/raw/195-65-r15/pneu-195-65-r15-goodyear-eagle_20250808_132655.csv
205/55R16|eagle,,eagle,205/55R16,1,mercadolivre,389.99,389.99,389.99,389.99,389.99,389.99,389.99,user/Desktop/Precificação_AI/Scraper_em_geral/mercadolivre/data/raw/205-55-r16/pneu-205-55-r16-goodyear-eagle_20250808_135018.csv
205/55R16|eagle sport,,eagle sport,205/55R16,1,mercadolivre,269.99,269.99,269.99,269.99,269.99,269.99,269.99,user/Desktop/Precificação_AI/Scraper_em_geral/mercadolivre/data/raw/205-55-r16/pneu-205-55-r16-goodyear-eagle_20250808_135018.csv
195/60R15|efficientgrip,,efficientgrip,195/60R15,6,mercadolivre,715.55,860.69,748.6450000000001,718.68,715.55,811.705,726.2360000000001,user/Desktop/Precificação_AI/Scraper_em_geral/mercadolivre/data/raw/195-60-r15/pneu-195-60-r15-goodyear-efficientgrip_20250808_131910.csv
205/60R15|efficientgrip,,efficientgrip,205/60R15,3,mercadolivre,759.05,799.0,785.6833333333334,799.0,767.04,799.0,799.0,user/Desktop/Precificação_AI/Scraper_em_geral/mercadolivre/data/raw/205-60-r15/pneu-205-60-r15-goodyear-efficientgrip_20250808_135632.csv
175/65R14|p400,,p400,175/65R14,2,mercadolivre,339.9,339.9,339.9,339.9,339.9,339.9,339.9,"user/Desktop/Precificação_AI/Scraper_em_geral/mercadolivre/data/raw/175-65-r14/pneu-175-65-r14-dunlop-sp-touring_20250808_112213.csv,user/Desktop/Precificação_AI/Scraper_em_geral/mercadolivre/data/raw/175-65-r14/pneu-175-65r14-dunlop-sp-touring_20250805_140647.csv"
175/70R14|p400,,p400,175/70R14,2,mercadolivre,339.9,339.9,339.9,339.9,339.9,339.9,339.9,"user/Desktop/Precificação_AI/Scraper_em_geral/mercadolivre/data/raw/175-70-r14/pneu-175-70-r14-dunlop-sp-touring_20250808_115509.csv,user/Desktop/Precificação_AI/Scraper_em_geral/mercadolivre/data/raw/175-70-r14/pneu-175-70r14-dunlop-sp-touring_20250805_142822.csv"
175/70R13|p400 evo,,p400 evo,175/70R13,2,mercadolivre,332.4,332.4,332.4,332.4,332.4,332.4,332.4,"user/Desktop/Precificação_AI/Scraper_em_geral/mercadolivre/data/raw/175-70-r13/pneu-175-70-r13-dunlop-sp-touring_20250808_114147.csv,user/Desktop/Precificação_AI/Scraper_em_geral/mercadolivre/data/raw/175-70-r13/pneu-175-70r13-dunlop-sp-touring_20250805_142029.csv"
205/60R16|wrangler,,wrangler,205/60R16,4,mercadolivre,873.08,930.04,913.13,924.7,886.964,930.04,926.48,user/Desktop/Precificação_AI/Scraper_em_geral/mercadolivre/data/raw/205-60-r16/pneu-205-60-r16-goodyear-wrangler_20250808_140123.csv
205/65R15|wrangler,,wrangler,205/65R15,1,mercadolivre,825.02,825.02,825.02,825.02,825.02,825.02,825.02,user/Desktop/Precificação_AI/Scraper_em_geral/mercadolivre/data/raw/205-65-r15/pneu-205-65-r15-goodyear-direction_20250808_141044.csv
